1,easy,medium,1,4 ♦,"['6 ♠', '4 ♣']",4 ♣,bot1,4
1,easy,medium,2,7 ♦,"['1 ♠', '7 ♣']",7 ♣,bot2,7
1,easy,medium,3,6 ♦,"['8 ♠', '6 ♣']",6 ♣,bot1,6
1,easy,medium,4,10 ♦,"['13 ♠', '10 ♣']",10 ♣,bot1,10
1,easy,medium,5,8 ♦,"['3 ♠', '8 ♣']",8 ♣,bot2,8
1,easy,medium,6,11 ♦,"['2 ♠', '11 ♣']",11 ♣,bot2,11
1,easy,medium,7,9 ♦,"['10 ♠', '9 ♣']",9 ♣,bot1,9
1,easy,medium,8,12 ♦,"['5 ♠', '12 ♣']",12 ♣,bot2,12
1,easy,medium,9,1 ♦,"['7 ♠', '1 ♣']",1 ♣,bot1,1
1,easy,medium,10,2 ♦,"['9 ♠', '2 ♣']",2 ♣,bot1,2
1,easy,medium,11,3 ♦,"['12 ♠', '3 ♣']",3 ♣,bot1,3
1,easy,medium,12,13 ♦,"['4 ♠', '13 ♣']",13 ♣,bot2,13
1,easy,medium,13,5 ♦,"['11 ♠', '5 ♣']",5 ♣,bot1,5

Game Number,1,Final Scores
bot1,40.0
bot2,51.0
Winner,bot2

2,easy,medium,1,8 ♦,"['8 ♠', '8 ♣']",8 ♣,"['bot1', 'bot2']",8
2,easy,medium,2,4 ♦,"['5 ♠', '4 ♣']",4 ♣,bot1,4
2,easy,medium,3,12 ♦,"['4 ♠', '12 ♣']",12 ♣,bot2,12
2,easy,medium,4,9 ♦,"['10 ♠', '9 ♣']",9 ♣,bot1,9
2,easy,medium,5,1 ♦,"['13 ♠', '1 ♣']",1 ♣,bot1,1
2,easy,medium,6,13 ♦,"['7 ♠', '13 ♣']",13 ♣,bot2,13
2,easy,medium,7,6 ♦,"['11 ♠', '6 ♣']",6 ♣,bot1,6
2,easy,medium,8,5 ♦,"['6 ♠', '5 ♣']",5 ♣,bot1,5
2,easy,medium,9,7 ♦,"['12 ♠', '7 ♣']",7 ♣,bot1,7
2,easy,medium,10,3 ♦,"['9 ♠', '3 ♣']",3 ♣,bot1,3
2,easy,medium,11,2 ♦,"['2 ♠', '2 ♣']",2 ♣,"['bot1', 'bot2']",2
2,easy,medium,12,10 ♦,"['3 ♠', '10 ♣']",10 ♣,bot2,10
2,easy,medium,13,11 ♦,"['1 ♠', '11 ♣']",11 ♣,bot2,11

Game Number,2,Final Scores
bot1,40.0
bot2,51.0
Winner,bot2

3,easy,medium,1,3 ♦,"['4 ♠', '3 ♣']",3 ♣,bot1,3
3,easy,medium,2,5 ♦,"['1 ♠', '5 ♣']",5 ♣,bot2,5
3,easy,medium,3,9 ♦,"['7 ♠', '9 ♣']",9 ♣,bot2,9
3,easy,medium,4,4 ♦,"['12 ♠', '4 ♣']",4 ♣,bot1,4
3,easy,medium,5,2 ♦,"['10 ♠', '2 ♣']",2 ♣,bot1,2
3,easy,medium,6,13 ♦,"['8 ♠', '13 ♣']",13 ♣,bot2,13
3,easy,medium,7,1 ♦,"['6 ♠', '1 ♣']",1 ♣,bot1,1
3,easy,medium,8,7 ♦,"['9 ♠', '7 ♣']",7 ♣,bot1,7
3,easy,medium,9,6 ♦,"['5 ♠', '6 ♣']",6 ♣,bot2,6
3,easy,medium,10,12 ♦,"['3 ♠', '12 ♣']",12 ♣,bot2,12
3,easy,medium,11,11 ♦,"['2 ♠', '11 ♣']",11 ♣,bot2,11
3,easy,medium,12,10 ♦,"['11 ♠', '10 ♣']",10 ♣,bot1,10
3,easy,medium,13,8 ♦,"['13 ♠', '8 ♣']",8 ♣,bot1,8

Game Number,3,Final Scores
bot1,35.0
bot2,56.0
Winner,bot2

4,easy,medium,1,11 ♦,"['9 ♠', '11 ♣']",11 ♣,bot2,11
4,easy,medium,2,1 ♦,"['6 ♠', '1 ♣']",1 ♣,bot1,1
4,easy,medium,3,12 ♦,"['11 ♠', '12 ♣']",12 ♣,bot2,12
4,easy,medium,4,6 ♦,"['10 ♠', '6 ♣']",6 ♣,bot1,6
4,easy,medium,5,2 ♦,"['5 ♠', '2 ♣']",2 ♣,bot1,2
4,easy,medium,6,5 ♦,"['12 ♠', '5 ♣']",5 ♣,bot1,5
4,easy,medium,7,7 ♦,"['2 ♠', '7 ♣']",7 ♣,bot2,7
4,easy,medium,8,10 ♦,"['8 ♠', '10 ♣']",10 ♣,bot2,10
4,easy,medium,9,4 ♦,"['7 ♠', '4 ♣']",4 ♣,bot1,4
4,easy,medium,10,9 ♦,"['13 ♠', '9 ♣']",9 ♣,bot1,9
4,easy,medium,11,8 ♦,"['3 ♠', '8 ♣']",8 ♣,bot2,8
4,easy,medium,12,3 ♦,"['1 ♠', '3 ♣']",3 ♣,bot2,3
4,easy,medium,13,13 ♦,"['4 ♠', '13 ♣']",13 ♣,bot2,13

Game Number,4,Final Scores
bot1,27.0
bot2,64.0
Winner,bot2

5,easy,medium,1,11 ♦,"['5 ♠', '11 ♣']",11 ♣,bot2,11
5,easy,medium,2,7 ♦,"['11 ♠', '7 ♣']",7 ♣,bot1,7
5,easy,medium,3,3 ♦,"['10 ♠', '3 ♣']",3 ♣,bot1,3
5,easy,medium,4,10 ♦,"['1 ♠', '10 ♣']",10 ♣,bot2,10
5,easy,medium,5,9 ♦,"['12 ♠', '9 ♣']",9 ♣,bot1,9
5,easy,medium,6,1 ♦,"['9 ♠', '1 ♣']",1 ♣,bot1,1
5,easy,medium,7,6 ♦,"['6 ♠', '6 ♣']",6 ♣,"['bot1', 'bot2']",6
5,easy,medium,8,2 ♦,"['4 ♠', '2 ♣']",2 ♣,bot1,2
5,easy,medium,9,4 ♦,"['7 ♠', '4 ♣']",4 ♣,bot1,4
5,easy,medium,10,12 ♦,"['13 ♠', '12 ♣']",12 ♣,bot1,12
5,easy,medium,11,8 ♦,"['3 ♠', '8 ♣']",8 ♣,bot2,8
5,easy,medium,12,13 ♦,"['2 ♠', '13 ♣']",13 ♣,bot2,13
5,easy,medium,13,5 ♦,"['8 ♠', '5 ♣']",5 ♣,bot1,5

Game Number,5,Final Scores
bot1,46.0
bot2,45.0
Winner,bot1

6,easy,medium,1,11 ♦,"['10 ♠', '11 ♣']",11 ♣,bot2,11
6,easy,medium,2,1 ♦,"['9 ♠', '1 ♣']",1 ♣,bot1,1
6,easy,medium,3,5 ♦,"['1 ♠', '5 ♣']",5 ♣,bot2,5
6,easy,medium,4,9 ♦,"['5 ♠', '9 ♣']",9 ♣,bot2,9
6,easy,medium,5,8 ♦,"['3 ♠', '8 ♣']",8 ♣,bot2,8
6,easy,medium,6,6 ♦,"['4 ♠', '6 ♣']",6 ♣,bot2,6
6,easy,medium,7,13 ♦,"['8 ♠', '13 ♣']",13 ♣,bot2,13
6,easy,medium,8,2 ♦,"['12 ♠', '2 ♣']",2 ♣,bot1,2
6,easy,medium,9,12 ♦,"['11 ♠', '12 ♣']",12 ♣,bot2,12
6,easy,medium,10,4 ♦,"['7 ♠', '4 ♣']",4 ♣,bot1,4
6,easy,medium,11,7 ♦,"['13 ♠', '7 ♣']",7 ♣,bot1,7
6,easy,medium,12,3 ♦,"['2 ♠', '3 ♣']",3 ♣,bot2,3
6,easy,medium,13,10 ♦,"['6 ♠', '10 ♣']",10 ♣,bot2,10

Game Number,6,Final Scores
bot1,14.0
bot2,77.0
Winner,bot2

7,easy,medium,1,6 ♦,"['12 ♠', '6 ♣']",6 ♣,bot1,6
7,easy,medium,2,1 ♦,"['1 ♠', '1 ♣']",1 ♣,"['bot1', 'bot2']",1
7,easy,medium,3,2 ♦,"['6 ♠', '2 ♣']",2 ♣,bot1,2
7,easy,medium,4,9 ♦,"['3 ♠', '9 ♣']",9 ♣,bot2,9
7,easy,medium,5,8 ♦,"['8 ♠', '8 ♣']",8 ♣,"['bot1', 'bot2']",8
7,easy,medium,6,12 ♦,"['13 ♠', '12 ♣']",12 ♣,bot1,12
7,easy,medium,7,10 ♦,"['4 ♠', '10 ♣']",10 ♣,bot2,10
7,easy,medium,8,3 ♦,"['5 ♠', '3 ♣']",3 ♣,bot1,3
7,easy,medium,9,5 ♦,"['2 ♠', '5 ♣']",5 ♣,bot2,5
7,easy,medium,10,11 ♦,"['10 ♠', '11 ♣']",11 ♣,bot2,11
7,easy,medium,11,4 ♦,"['9 ♠', '4 ♣']",4 ♣,bot1,4
7,easy,medium,12,13 ♦,"['11 ♠', '13 ♣']",13 ♣,bot2,13
7,easy,medium,13,7 ♦,"['7 ♠', '7 ♣']",7 ♣,"['bot1', 'bot2']",7

Game Number,7,Final Scores
bot1,35.0
bot2,56.0
Winner,bot2

8,easy,medium,1,7 ♦,"['7 ♠', '7 ♣']",7 ♣,"['bot1', 'bot2']",7
8,easy,medium,2,6 ♦,"['5 ♠', '6 ♣']",6 ♣,bot2,6
8,easy,medium,3,9 ♦,"['12 ♠', '9 ♣']",9 ♣,bot1,9
8,easy,medium,4,10 ♦,"['2 ♠', '10 ♣']",10 ♣,bot2,10
8,easy,medium,5,1 ♦,"['4 ♠', '1 ♣']",1 ♣,bot1,1
8,easy,medium,6,5 ♦,"['13 ♠', '5 ♣']",5 ♣,bot1,5
8,easy,medium,7,13 ♦,"['11 ♠', '13 ♣']",13 ♣,bot2,13
8,easy,medium,8,4 ♦,"['10 ♠', '4 ♣']",4 ♣,bot1,4
8,easy,medium,9,11 ♦,"['3 ♠', '11 ♣']",11 ♣,bot2,11
8,easy,medium,10,12 ♦,"['8 ♠', '12 ♣']",12 ♣,bot2,12
8,easy,medium,11,8 ♦,"['9 ♠', '8 ♣']",8 ♣,bot1,8
8,easy,medium,12,2 ♦,"['1 ♠', '2 ♣']",2 ♣,bot2,2
8,easy,medium,13,3 ♦,"['6 ♠', '3 ♣']",3 ♣,bot1,3

Game Number,8,Final Scores
bot1,33.5
bot2,57.5
Winner,bot2

9,easy,medium,1,1 ♦,"['1 ♠', '1 ♣']",1 ♣,"['bot1', 'bot2']",1
9,easy,medium,2,8 ♦,"['8 ♠', '8 ♣']",8 ♣,"['bot1', 'bot2']",8
9,easy,medium,3,7 ♦,"['2 ♠', '7 ♣']",7 ♣,bot2,7
9,easy,medium,4,13 ♦,"['9 ♠', '13 ♣']",13 ♣,bot2,13
9,easy,medium,5,5 ♦,"['11 ♠', '5 ♣']",5 ♣,bot1,5
9,easy,medium,6,11 ♦,"['10 ♠', '11 ♣']",11 ♣,bot2,11
9,easy,medium,7,4 ♦,"['4 ♠', '4 ♣']",4 ♣,"['bot1', 'bot2']",4
9,easy,medium,8,10 ♦,"['12 ♠', '10 ♣']",10 ♣,bot1,10
9,easy,medium,9,3 ♦,"['7 ♠', '3 ♣']",3 ♣,bot1,3
9,easy,medium,10,12 ♦,"['5 ♠', '12 ♣']",12 ♣,bot2,12
9,easy,medium,11,6 ♦,"['13 ♠', '6 ♣']",6 ♣,bot1,6
9,easy,medium,12,2 ♦,"['6 ♠', '2 ♣']",2 ♣,bot1,2
9,easy,medium,13,9 ♦,"['3 ♠', '9 ♣']",9 ♣,bot2,9

Game Number,9,Final Scores
bot1,32.5
bot2,58.5
Winner,bot2

10,easy,medium,1,12 ♦,"['1 ♠', '12 ♣']",12 ♣,bot2,12
10,easy,medium,2,10 ♦,"['12 ♠', '10 ♣']",10 ♣,bot1,10
10,easy,medium,3,11 ♦,"['3 ♠', '11 ♣']",11 ♣,bot2,11
10,easy,medium,4,5 ♦,"['13 ♠', '5 ♣']",5 ♣,bot1,5
10,easy,medium,5,6 ♦,"['6 ♠', '6 ♣']",6 ♣,"['bot1', 'bot2']",6
10,easy,medium,6,3 ♦,"['4 ♠', '3 ♣']",3 ♣,bot1,3
10,easy,medium,7,13 ♦,"['10 ♠', '13 ♣']",13 ♣,bot2,13
10,easy,medium,8,1 ♦,"['8 ♠', '1 ♣']",1 ♣,bot1,1
10,easy,medium,9,8 ♦,"['7 ♠', '8 ♣']",8 ♣,bot2,8
10,easy,medium,10,2 ♦,"['2 ♠', '2 ♣']",2 ♣,"['bot1', 'bot2']",2
10,easy,medium,11,9 ♦,"['5 ♠', '9 ♣']",9 ♣,bot2,9
10,easy,medium,12,7 ♦,"['9 ♠', '7 ♣']",7 ♣,bot1,7
10,easy,medium,13,4 ♦,"['11 ♠', '4 ♣']",4 ♣,bot1,4

Game Number,10,Final Scores
bot1,34.0
bot2,57.0
Winner,bot2

11,easy,medium,1,10 ♦,"['11 ♠', '10 ♣']",10 ♣,bot1,10
11,easy,medium,2,2 ♦,"['8 ♠', '2 ♣']",2 ♣,bot1,2
11,easy,medium,3,6 ♦,"['3 ♠', '6 ♣']",6 ♣,bot2,6
11,easy,medium,4,12 ♦,"['2 ♠', '12 ♣']",12 ♣,bot2,12
11,easy,medium,5,1 ♦,"['5 ♠', '1 ♣']",1 ♣,bot1,1
11,easy,medium,6,4 ♦,"['10 ♠', '4 ♣']",4 ♣,bot1,4
11,easy,medium,7,11 ♦,"['4 ♠', '11 ♣']",11 ♣,bot2,11
11,easy,medium,8,3 ♦,"['13 ♠', '3 ♣']",3 ♣,bot1,3
11,easy,medium,9,8 ♦,"['9 ♠', '8 ♣']",8 ♣,bot1,8
11,easy,medium,10,9 ♦,"['1 ♠', '9 ♣']",9 ♣,bot2,9
11,easy,medium,11,5 ♦,"['7 ♠', '5 ♣']",5 ♣,bot1,5
11,easy,medium,12,13 ♦,"['6 ♠', '13 ♣']",13 ♣,bot2,13
11,easy,medium,13,7 ♦,"['12 ♠', '7 ♣']",7 ♣,bot1,7

Game Number,11,Final Scores
bot1,40.0
bot2,51.0
Winner,bot2

12,easy,medium,1,3 ♦,"['6 ♠', '3 ♣']",3 ♣,bot1,3
12,easy,medium,2,8 ♦,"['9 ♠', '8 ♣']",8 ♣,bot1,8
12,easy,medium,3,6 ♦,"['2 ♠', '6 ♣']",6 ♣,bot2,6
12,easy,medium,4,4 ♦,"['8 ♠', '4 ♣']",4 ♣,bot1,4
12,easy,medium,5,13 ♦,"['12 ♠', '13 ♣']",13 ♣,bot2,13
12,easy,medium,6,10 ♦,"['3 ♠', '10 ♣']",10 ♣,bot2,10
12,easy,medium,7,2 ♦,"['7 ♠', '2 ♣']",2 ♣,bot1,2
12,easy,medium,8,7 ♦,"['1 ♠', '7 ♣']",7 ♣,bot2,7
12,easy,medium,9,12 ♦,"['11 ♠', '12 ♣']",12 ♣,bot2,12
12,easy,medium,10,1 ♦,"['5 ♠', '1 ♣']",1 ♣,bot1,1
12,easy,medium,11,11 ♦,"['4 ♠', '11 ♣']",11 ♣,bot2,11
12,easy,medium,12,9 ♦,"['10 ♠', '9 ♣']",9 ♣,bot1,9
12,easy,medium,13,5 ♦,"['13 ♠', '5 ♣']",5 ♣,bot1,5

Game Number,12,Final Scores
bot1,32.0
bot2,59.0
Winner,bot2

13,easy,medium,1,13 ♦,"['11 ♠', '13 ♣']",13 ♣,bot2,13
13,easy,medium,2,11 ♦,"['1 ♠', '11 ♣']",11 ♣,bot2,11
13,easy,medium,3,9 ♦,"['12 ♠', '9 ♣']",9 ♣,bot1,9
13,easy,medium,4,7 ♦,"['7 ♠', '7 ♣']",7 ♣,"['bot1', 'bot2']",7
13,easy,medium,5,12 ♦,"['13 ♠', '12 ♣']",12 ♣,bot1,12
13,easy,medium,6,5 ♦,"['8 ♠', '5 ♣']",5 ♣,bot1,5
13,easy,medium,7,8 ♦,"['9 ♠', '8 ♣']",8 ♣,bot1,8
13,easy,medium,8,6 ♦,"['10 ♠', '6 ♣']",6 ♣,bot1,6
13,easy,medium,9,4 ♦,"['5 ♠', '4 ♣']",4 ♣,bot1,4
13,easy,medium,10,2 ♦,"['2 ♠', '2 ♣']",2 ♣,"['bot1', 'bot2']",2
13,easy,medium,11,10 ♦,"['3 ♠', '10 ♣']",10 ♣,bot2,10
13,easy,medium,12,3 ♦,"['4 ♠', '3 ♣']",3 ♣,bot1,3
13,easy,medium,13,1 ♦,"['6 ♠', '1 ♣']",1 ♣,bot1,1

Game Number,13,Final Scores
bot1,52.5
bot2,38.5
Winner,bot1

14,easy,medium,1,12 ♦,"['8 ♠', '12 ♣']",12 ♣,bot2,12
14,easy,medium,2,13 ♦,"['11 ♠', '13 ♣']",13 ♣,bot2,13
14,easy,medium,3,8 ♦,"['7 ♠', '8 ♣']",8 ♣,bot2,8
14,easy,medium,4,7 ♦,"['9 ♠', '7 ♣']",7 ♣,bot1,7
14,easy,medium,5,3 ♦,"['12 ♠', '3 ♣']",3 ♣,bot1,3
14,easy,medium,6,6 ♦,"['13 ♠', '6 ♣']",6 ♣,bot1,6
14,easy,medium,7,10 ♦,"['1 ♠', '10 ♣']",10 ♣,bot2,10
14,easy,medium,8,4 ♦,"['6 ♠', '4 ♣']",4 ♣,bot1,4
14,easy,medium,9,11 ♦,"['10 ♠', '11 ♣']",11 ♣,bot2,11
14,easy,medium,10,1 ♦,"['3 ♠', '1 ♣']",1 ♣,bot1,1
14,easy,medium,11,9 ♦,"['4 ♠', '9 ♣']",9 ♣,bot2,9
14,easy,medium,12,2 ♦,"['5 ♠', '2 ♣']",2 ♣,bot1,2
14,easy,medium,13,5 ♦,"['2 ♠', '5 ♣']",5 ♣,bot2,5

Game Number,14,Final Scores
bot1,23.0
bot2,68.0
Winner,bot2

15,easy,medium,1,1 ♦,"['8 ♠', '1 ♣']",1 ♣,bot1,1
15,easy,medium,2,12 ♦,"['9 ♠', '12 ♣']",12 ♣,bot2,12
15,easy,medium,3,8 ♦,"['11 ♠', '8 ♣']",8 ♣,bot1,8
15,easy,medium,4,13 ♦,"['6 ♠', '13 ♣']",13 ♣,bot2,13
15,easy,medium,5,4 ♦,"['1 ♠', '4 ♣']",4 ♣,bot2,4
15,easy,medium,6,11 ♦,"['7 ♠', '11 ♣']",11 ♣,bot2,11
15,easy,medium,7,6 ♦,"['13 ♠', '6 ♣']",6 ♣,bot1,6
15,easy,medium,8,3 ♦,"['10 ♠', '3 ♣']",3 ♣,bot1,3
15,easy,medium,9,5 ♦,"['5 ♠', '5 ♣']",5 ♣,"['bot1', 'bot2']",5
15,easy,medium,10,10 ♦,"['4 ♠', '10 ♣']",10 ♣,bot2,10
15,easy,medium,11,7 ♦,"['3 ♠', '7 ♣']",7 ♣,bot2,7
15,easy,medium,12,9 ♦,"['2 ♠', '9 ♣']",9 ♣,bot2,9
15,easy,medium,13,2 ♦,"['12 ♠', '2 ♣']",2 ♣,bot1,2

Game Number,15,Final Scores
bot1,22.5
bot2,68.5
Winner,bot2

16,easy,medium,1,3 ♦,"['4 ♠', '3 ♣']",3 ♣,bot1,3
16,easy,medium,2,9 ♦,"['7 ♠', '9 ♣']",9 ♣,bot2,9
16,easy,medium,3,5 ♦,"['10 ♠', '5 ♣']",5 ♣,bot1,5
16,easy,medium,4,13 ♦,"['13 ♠', '13 ♣']",13 ♣,"['bot1', 'bot2']",13
16,easy,medium,5,2 ♦,"['5 ♠', '2 ♣']",2 ♣,bot1,2
16,easy,medium,6,11 ♦,"['9 ♠', '11 ♣']",11 ♣,bot2,11
16,easy,medium,7,7 ♦,"['1 ♠', '7 ♣']",7 ♣,bot2,7
16,easy,medium,8,1 ♦,"['11 ♠', '1 ♣']",1 ♣,bot1,1
16,easy,medium,9,12 ♦,"['3 ♠', '12 ♣']",12 ♣,bot2,12
16,easy,medium,10,10 ♦,"['2 ♠', '10 ♣']",10 ♣,bot2,10
16,easy,medium,11,6 ♦,"['8 ♠', '6 ♣']",6 ♣,bot1,6
16,easy,medium,12,4 ♦,"['6 ♠', '4 ♣']",4 ♣,bot1,4
16,easy,medium,13,8 ♦,"['12 ♠', '8 ♣']",8 ♣,bot1,8

Game Number,16,Final Scores
bot1,35.5
bot2,55.5
Winner,bot2

17,easy,medium,1,5 ♦,"['2 ♠', '5 ♣']",5 ♣,bot2,5
17,easy,medium,2,11 ♦,"['4 ♠', '11 ♣']",11 ♣,bot2,11
17,easy,medium,3,13 ♦,"['11 ♠', '13 ♣']",13 ♣,bot2,13
17,easy,medium,4,1 ♦,"['6 ♠', '1 ♣']",1 ♣,bot1,1
17,easy,medium,5,12 ♦,"['1 ♠', '12 ♣']",12 ♣,bot2,12
17,easy,medium,6,7 ♦,"['13 ♠', '7 ♣']",7 ♣,bot1,7
17,easy,medium,7,6 ♦,"['9 ♠', '6 ♣']",6 ♣,bot1,6
17,easy,medium,8,8 ♦,"['10 ♠', '8 ♣']",8 ♣,bot1,8
17,easy,medium,9,2 ♦,"['3 ♠', '2 ♣']",2 ♣,bot1,2
17,easy,medium,10,4 ♦,"['5 ♠', '4 ♣']",4 ♣,bot1,4
17,easy,medium,11,10 ♦,"['8 ♠', '10 ♣']",10 ♣,bot2,10
17,easy,medium,12,3 ♦,"['12 ♠', '3 ♣']",3 ♣,bot1,3
17,easy,medium,13,9 ♦,"['7 ♠', '9 ♣']",9 ♣,bot2,9

Game Number,17,Final Scores
bot1,31.0
bot2,60.0
Winner,bot2

18,easy,medium,1,5 ♦,"['7 ♠', '5 ♣']",5 ♣,bot1,5
18,easy,medium,2,1 ♦,"['13 ♠', '1 ♣']",1 ♣,bot1,1
18,easy,medium,3,13 ♦,"['12 ♠', '13 ♣']",13 ♣,bot2,13
18,easy,medium,4,2 ♦,"['1 ♠', '2 ♣']",2 ♣,bot2,2
18,easy,medium,5,11 ♦,"['5 ♠', '11 ♣']",11 ♣,bot2,11
18,easy,medium,6,7 ♦,"['4 ♠', '7 ♣']",7 ♣,bot2,7
18,easy,medium,7,9 ♦,"['9 ♠', '9 ♣']",9 ♣,"['bot1', 'bot2']",9
18,easy,medium,8,10 ♦,"['10 ♠', '10 ♣']",10 ♣,"['bot1', 'bot2']",10
18,easy,medium,9,8 ♦,"['11 ♠', '8 ♣']",8 ♣,bot1,8
18,easy,medium,10,3 ♦,"['6 ♠', '3 ♣']",3 ♣,bot1,3
18,easy,medium,11,12 ♦,"['2 ♠', '12 ♣']",12 ♣,bot2,12
18,easy,medium,12,6 ♦,"['3 ♠', '6 ♣']",6 ♣,bot2,6
18,easy,medium,13,4 ♦,"['8 ♠', '4 ♣']",4 ♣,bot1,4

Game Number,18,Final Scores
bot1,30.5
bot2,60.5
Winner,bot2

19,easy,medium,1,11 ♦,"['13 ♠', '11 ♣']",11 ♣,bot1,11
19,easy,medium,2,12 ♦,"['1 ♠', '12 ♣']",12 ♣,bot2,12
19,easy,medium,3,6 ♦,"['8 ♠', '6 ♣']",6 ♣,bot1,6
19,easy,medium,4,3 ♦,"['2 ♠', '3 ♣']",3 ♣,bot2,3
19,easy,medium,5,4 ♦,"['5 ♠', '4 ♣']",4 ♣,bot1,4
19,easy,medium,6,1 ♦,"['3 ♠', '1 ♣']",1 ♣,bot1,1
19,easy,medium,7,9 ♦,"['6 ♠', '9 ♣']",9 ♣,bot2,9
19,easy,medium,8,10 ♦,"['9 ♠', '10 ♣']",10 ♣,bot2,10
19,easy,medium,9,8 ♦,"['4 ♠', '8 ♣']",8 ♣,bot2,8
19,easy,medium,10,5 ♦,"['7 ♠', '5 ♣']",5 ♣,bot1,5
19,easy,medium,11,13 ♦,"['11 ♠', '13 ♣']",13 ♣,bot2,13
19,easy,medium,12,7 ♦,"['10 ♠', '7 ♣']",7 ♣,bot1,7
19,easy,medium,13,2 ♦,"['12 ♠', '2 ♣']",2 ♣,bot1,2

Game Number,19,Final Scores
bot1,36.0
bot2,55.0
Winner,bot2

20,easy,medium,1,5 ♦,"['13 ♠', '5 ♣']",5 ♣,bot1,5
20,easy,medium,2,1 ♦,"['11 ♠', '1 ♣']",1 ♣,bot1,1
20,easy,medium,3,13 ♦,"['1 ♠', '13 ♣']",13 ♣,bot2,13
20,easy,medium,4,8 ♦,"['2 ♠', '8 ♣']",8 ♣,bot2,8
20,easy,medium,5,2 ♦,"['8 ♠', '2 ♣']",2 ♣,bot1,2
20,easy,medium,6,11 ♦,"['5 ♠', '11 ♣']",11 ♣,bot2,11
20,easy,medium,7,3 ♦,"['7 ♠', '3 ♣']",3 ♣,bot1,3
20,easy,medium,8,10 ♦,"['6 ♠', '10 ♣']",10 ♣,bot2,10
20,easy,medium,9,4 ♦,"['10 ♠', '4 ♣']",4 ♣,bot1,4
20,easy,medium,10,7 ♦,"['9 ♠', '7 ♣']",7 ♣,bot1,7
20,easy,medium,11,12 ♦,"['4 ♠', '12 ♣']",12 ♣,bot2,12
20,easy,medium,12,6 ♦,"['3 ♠', '6 ♣']",6 ♣,bot2,6
20,easy,medium,13,9 ♦,"['12 ♠', '9 ♣']",9 ♣,bot1,9

Game Number,20,Final Scores
bot1,31.0
bot2,60.0
Winner,bot2

21,easy,medium,1,4 ♦,"['13 ♠', '4 ♣']",4 ♣,bot1,4
21,easy,medium,2,1 ♦,"['11 ♠', '1 ♣']",1 ♣,bot1,1
21,easy,medium,3,12 ♦,"['9 ♠', '12 ♣']",12 ♣,bot2,12
21,easy,medium,4,9 ♦,"['10 ♠', '9 ♣']",9 ♣,bot1,9
21,easy,medium,5,2 ♦,"['5 ♠', '2 ♣']",2 ♣,bot1,2
21,easy,medium,6,8 ♦,"['3 ♠', '8 ♣']",8 ♣,bot2,8
21,easy,medium,7,3 ♦,"['6 ♠', '3 ♣']",3 ♣,bot1,3
21,easy,medium,8,7 ♦,"['4 ♠', '7 ♣']",7 ♣,bot2,7
21,easy,medium,9,13 ♦,"['7 ♠', '13 ♣']",13 ♣,bot2,13
21,easy,medium,10,5 ♦,"['1 ♠', '5 ♣']",5 ♣,bot2,5
21,easy,medium,11,6 ♦,"['12 ♠', '6 ♣']",6 ♣,bot1,6
21,easy,medium,12,10 ♦,"['8 ♠', '10 ♣']",10 ♣,bot2,10
21,easy,medium,13,11 ♦,"['2 ♠', '11 ♣']",11 ♣,bot2,11

Game Number,21,Final Scores
bot1,25.0
bot2,66.0
Winner,bot2

22,easy,medium,1,1 ♦,"['13 ♠', '1 ♣']",1 ♣,bot1,1
22,easy,medium,2,11 ♦,"['1 ♠', '11 ♣']",11 ♣,bot2,11
22,easy,medium,3,10 ♦,"['4 ♠', '10 ♣']",10 ♣,bot2,10
22,easy,medium,4,9 ♦,"['12 ♠', '9 ♣']",9 ♣,bot1,9
22,easy,medium,5,4 ♦,"['8 ♠', '4 ♣']",4 ♣,bot1,4
22,easy,medium,6,7 ♦,"['11 ♠', '7 ♣']",7 ♣,bot1,7
22,easy,medium,7,13 ♦,"['10 ♠', '13 ♣']",13 ♣,bot2,13
22,easy,medium,8,2 ♦,"['5 ♠', '2 ♣']",2 ♣,bot1,2
22,easy,medium,9,3 ♦,"['7 ♠', '3 ♣']",3 ♣,bot1,3
22,easy,medium,10,8 ♦,"['3 ♠', '8 ♣']",8 ♣,bot2,8
22,easy,medium,11,5 ♦,"['2 ♠', '5 ♣']",5 ♣,bot2,5
22,easy,medium,12,6 ♦,"['9 ♠', '6 ♣']",6 ♣,bot1,6
22,easy,medium,13,12 ♦,"['6 ♠', '12 ♣']",12 ♣,bot2,12

Game Number,22,Final Scores
bot1,32.0
bot2,59.0
Winner,bot2

23,easy,medium,1,5 ♦,"['1 ♠', '5 ♣']",5 ♣,bot2,5
23,easy,medium,2,1 ♦,"['11 ♠', '1 ♣']",1 ♣,bot1,1
23,easy,medium,3,12 ♦,"['13 ♠', '12 ♣']",12 ♣,bot1,12
23,easy,medium,4,3 ♦,"['7 ♠', '3 ♣']",3 ♣,bot1,3
23,easy,medium,5,10 ♦,"['4 ♠', '10 ♣']",10 ♣,bot2,10
23,easy,medium,6,9 ♦,"['9 ♠', '9 ♣']",9 ♣,"['bot1', 'bot2']",9
23,easy,medium,7,6 ♦,"['8 ♠', '6 ♣']",6 ♣,bot1,6
23,easy,medium,8,11 ♦,"['10 ♠', '11 ♣']",11 ♣,bot2,11
23,easy,medium,9,4 ♦,"['12 ♠', '4 ♣']",4 ♣,bot1,4
23,easy,medium,10,2 ♦,"['6 ♠', '2 ♣']",2 ♣,bot1,2
23,easy,medium,11,13 ♦,"['3 ♠', '13 ♣']",13 ♣,bot2,13
23,easy,medium,12,8 ♦,"['5 ♠', '8 ♣']",8 ♣,bot2,8
23,easy,medium,13,7 ♦,"['2 ♠', '7 ♣']",7 ♣,bot2,7

Game Number,23,Final Scores
bot1,32.5
bot2,58.5
Winner,bot2

24,easy,medium,1,4 ♦,"['10 ♠', '4 ♣']",4 ♣,bot1,4
24,easy,medium,2,12 ♦,"['12 ♠', '12 ♣']",12 ♣,"['bot1', 'bot2']",12
24,easy,medium,3,6 ♦,"['5 ♠', '6 ♣']",6 ♣,bot2,6
24,easy,medium,4,8 ♦,"['6 ♠', '8 ♣']",8 ♣,bot2,8
24,easy,medium,5,3 ♦,"['13 ♠', '3 ♣']",3 ♣,bot1,3
24,easy,medium,6,10 ♦,"['11 ♠', '10 ♣']",10 ♣,bot1,10
24,easy,medium,7,11 ♦,"['8 ♠', '11 ♣']",11 ♣,bot2,11
24,easy,medium,8,9 ♦,"['1 ♠', '9 ♣']",9 ♣,bot2,9
24,easy,medium,9,5 ♦,"['7 ♠', '5 ♣']",5 ♣,bot1,5
24,easy,medium,10,7 ♦,"['3 ♠', '7 ♣']",7 ♣,bot2,7
24,easy,medium,11,1 ♦,"['9 ♠', '1 ♣']",1 ♣,bot1,1
24,easy,medium,12,13 ♦,"['4 ♠', '13 ♣']",13 ♣,bot2,13
24,easy,medium,13,2 ♦,"['2 ♠', '2 ♣']",2 ♣,"['bot1', 'bot2']",2

Game Number,24,Final Scores
bot1,30.0
bot2,61.0
Winner,bot2

25,easy,medium,1,10 ♦,"['6 ♠', '10 ♣']",10 ♣,bot2,10
25,easy,medium,2,5 ♦,"['10 ♠', '5 ♣']",5 ♣,bot1,5
25,easy,medium,3,9 ♦,"['8 ♠', '9 ♣']",9 ♣,bot2,9
25,easy,medium,4,11 ♦,"['12 ♠', '11 ♣']",11 ♣,bot1,11
25,easy,medium,5,13 ♦,"['7 ♠', '13 ♣']",13 ♣,bot2,13
25,easy,medium,6,1 ♦,"['13 ♠', '1 ♣']",1 ♣,bot1,1
25,easy,medium,7,8 ♦,"['3 ♠', '8 ♣']",8 ♣,bot2,8
25,easy,medium,8,3 ♦,"['5 ♠', '3 ♣']",3 ♣,bot1,3
25,easy,medium,9,6 ♦,"['2 ♠', '6 ♣']",6 ♣,bot2,6
25,easy,medium,10,7 ♦,"['9 ♠', '7 ♣']",7 ♣,bot1,7
25,easy,medium,11,2 ♦,"['4 ♠', '2 ♣']",2 ♣,bot1,2
25,easy,medium,12,12 ♦,"['1 ♠', '12 ♣']",12 ♣,bot2,12
25,easy,medium,13,4 ♦,"['11 ♠', '4 ♣']",4 ♣,bot1,4

Game Number,25,Final Scores
bot1,33.0
bot2,58.0
Winner,bot2

26,easy,medium,1,12 ♦,"['11 ♠', '12 ♣']",12 ♣,bot2,12
26,easy,medium,2,7 ♦,"['12 ♠', '7 ♣']",7 ♣,bot1,7
26,easy,medium,3,1 ♦,"['2 ♠', '1 ♣']",1 ♣,bot1,1
26,easy,medium,4,4 ♦,"['1 ♠', '4 ♣']",4 ♣,bot2,4
26,easy,medium,5,2 ♦,"['4 ♠', '2 ♣']",2 ♣,bot1,2
26,easy,medium,6,6 ♦,"['6 ♠', '6 ♣']",6 ♣,"['bot1', 'bot2']",6
26,easy,medium,7,5 ♦,"['3 ♠', '5 ♣']",5 ♣,bot2,5
26,easy,medium,8,11 ♦,"['7 ♠', '11 ♣']",11 ♣,bot2,11
26,easy,medium,9,13 ♦,"['10 ♠', '13 ♣']",13 ♣,bot2,13
26,easy,medium,10,3 ♦,"['9 ♠', '3 ♣']",3 ♣,bot1,3
26,easy,medium,11,8 ♦,"['13 ♠', '8 ♣']",8 ♣,bot1,8
26,easy,medium,12,9 ♦,"['5 ♠', '9 ♣']",9 ♣,bot2,9
26,easy,medium,13,10 ♦,"['8 ♠', '10 ♣']",10 ♣,bot2,10

Game Number,26,Final Scores
bot1,24.0
bot2,67.0
Winner,bot2

27,easy,medium,1,13 ♦,"['13 ♠', '13 ♣']",13 ♣,"['bot1', 'bot2']",13
27,easy,medium,2,11 ♦,"['3 ♠', '11 ♣']",11 ♣,bot2,11
27,easy,medium,3,9 ♦,"['1 ♠', '9 ♣']",9 ♣,bot2,9
27,easy,medium,4,7 ♦,"['5 ♠', '7 ♣']",7 ♣,bot2,7
27,easy,medium,5,4 ♦,"['12 ♠', '4 ♣']",4 ♣,bot1,4
27,easy,medium,6,6 ♦,"['10 ♠', '6 ♣']",6 ♣,bot1,6
27,easy,medium,7,1 ♦,"['7 ♠', '1 ♣']",1 ♣,bot1,1
27,easy,medium,8,3 ♦,"['4 ♠', '3 ♣']",3 ♣,bot1,3
27,easy,medium,9,2 ♦,"['6 ♠', '2 ♣']",2 ♣,bot1,2
27,easy,medium,10,10 ♦,"['2 ♠', '10 ♣']",10 ♣,bot2,10
27,easy,medium,11,8 ♦,"['8 ♠', '8 ♣']",8 ♣,"['bot1', 'bot2']",8
27,easy,medium,12,5 ♦,"['11 ♠', '5 ♣']",5 ♣,bot1,5
27,easy,medium,13,12 ♦,"['9 ♠', '12 ♣']",12 ♣,bot2,12

Game Number,27,Final Scores
bot1,31.5
bot2,59.5
Winner,bot2

28,easy,medium,1,12 ♦,"['12 ♠', '12 ♣']",12 ♣,"['bot1', 'bot2']",12
28,easy,medium,2,4 ♦,"['11 ♠', '4 ♣']",4 ♣,bot1,4
28,easy,medium,3,2 ♦,"['6 ♠', '2 ♣']",2 ♣,bot1,2
28,easy,medium,4,13 ♦,"['13 ♠', '13 ♣']",13 ♣,"['bot1', 'bot2']",13
28,easy,medium,5,9 ♦,"['3 ♠', '9 ♣']",9 ♣,bot2,9
28,easy,medium,6,6 ♦,"['2 ♠', '6 ♣']",6 ♣,bot2,6
28,easy,medium,7,10 ♦,"['7 ♠', '10 ♣']",10 ♣,bot2,10
28,easy,medium,8,3 ♦,"['9 ♠', '3 ♣']",3 ♣,bot1,3
28,easy,medium,9,8 ♦,"['10 ♠', '8 ♣']",8 ♣,bot1,8
28,easy,medium,10,1 ♦,"['4 ♠', '1 ♣']",1 ♣,bot1,1
28,easy,medium,11,11 ♦,"['5 ♠', '11 ♣']",11 ♣,bot2,11
28,easy,medium,12,5 ♦,"['1 ♠', '5 ♣']",5 ♣,bot2,5
28,easy,medium,13,7 ♦,"['8 ♠', '7 ♣']",7 ♣,bot1,7

Game Number,28,Final Scores
bot1,37.5
bot2,53.5
Winner,bot2

29,easy,medium,1,3 ♦,"['9 ♠', '3 ♣']",3 ♣,bot1,3
29,easy,medium,2,7 ♦,"['4 ♠', '7 ♣']",7 ♣,bot2,7
29,easy,medium,3,8 ♦,"['11 ♠', '8 ♣']",8 ♣,bot1,8
29,easy,medium,4,13 ♦,"['5 ♠', '13 ♣']",13 ♣,bot2,13
29,easy,medium,5,2 ♦,"['1 ♠', '2 ♣']",2 ♣,bot2,2
29,easy,medium,6,9 ♦,"['6 ♠', '9 ♣']",9 ♣,bot2,9
29,easy,medium,7,12 ♦,"['12 ♠', '12 ♣']",12 ♣,"['bot1', 'bot2']",12
29,easy,medium,8,4 ♦,"['8 ♠', '4 ♣']",4 ♣,bot1,4
29,easy,medium,9,11 ♦,"['3 ♠', '11 ♣']",11 ♣,bot2,11
29,easy,medium,10,10 ♦,"['7 ♠', '10 ♣']",10 ♣,bot2,10
29,easy,medium,11,1 ♦,"['10 ♠', '1 ♣']",1 ♣,bot1,1
29,easy,medium,12,6 ♦,"['2 ♠', '6 ♣']",6 ♣,bot2,6
29,easy,medium,13,5 ♦,"['13 ♠', '5 ♣']",5 ♣,bot1,5

Game Number,29,Final Scores
bot1,27.0
bot2,64.0
Winner,bot2

30,easy,medium,1,8 ♦,"['3 ♠', '8 ♣']",8 ♣,bot2,8
30,easy,medium,2,1 ♦,"['10 ♠', '1 ♣']",1 ♣,bot1,1
30,easy,medium,3,3 ♦,"['7 ♠', '3 ♣']",3 ♣,bot1,3
30,easy,medium,4,10 ♦,"['9 ♠', '10 ♣']",10 ♣,bot2,10
30,easy,medium,5,13 ♦,"['5 ♠', '13 ♣']",13 ♣,bot2,13
30,easy,medium,6,11 ♦,"['6 ♠', '11 ♣']",11 ♣,bot2,11
30,easy,medium,7,5 ♦,"['11 ♠', '5 ♣']",5 ♣,bot1,5
30,easy,medium,8,6 ♦,"['1 ♠', '6 ♣']",6 ♣,bot2,6
30,easy,medium,9,7 ♦,"['12 ♠', '7 ♣']",7 ♣,bot1,7
30,easy,medium,10,2 ♦,"['13 ♠', '2 ♣']",2 ♣,bot1,2
30,easy,medium,11,9 ♦,"['2 ♠', '9 ♣']",9 ♣,bot2,9
30,easy,medium,12,12 ♦,"['8 ♠', '12 ♣']",12 ♣,bot2,12
30,easy,medium,13,4 ♦,"['4 ♠', '4 ♣']",4 ♣,"['bot1', 'bot2']",4

Game Number,30,Final Scores
bot1,20.0
bot2,71.0
Winner,bot2

31,easy,medium,1,5 ♦,"['4 ♠', '5 ♣']",5 ♣,bot2,5
31,easy,medium,2,8 ♦,"['2 ♠', '8 ♣']",8 ♣,bot2,8
31,easy,medium,3,12 ♦,"['8 ♠', '12 ♣']",12 ♣,bot2,12
31,easy,medium,4,3 ♦,"['10 ♠', '3 ♣']",3 ♣,bot1,3
31,easy,medium,5,6 ♦,"['11 ♠', '6 ♣']",6 ♣,bot1,6
31,easy,medium,6,10 ♦,"['9 ♠', '10 ♣']",10 ♣,bot2,10
31,easy,medium,7,9 ♦,"['1 ♠', '9 ♣']",9 ♣,bot2,9
31,easy,medium,8,1 ♦,"['7 ♠', '1 ♣']",1 ♣,bot1,1
31,easy,medium,9,11 ♦,"['12 ♠', '11 ♣']",11 ♣,bot1,11
31,easy,medium,10,7 ♦,"['6 ♠', '7 ♣']",7 ♣,bot2,7
31,easy,medium,11,4 ♦,"['5 ♠', '4 ♣']",4 ♣,bot1,4
31,easy,medium,12,2 ♦,"['3 ♠', '2 ♣']",2 ♣,bot1,2
31,easy,medium,13,13 ♦,"['13 ♠', '13 ♣']",13 ♣,"['bot1', 'bot2']",13

Game Number,31,Final Scores
bot1,33.5
bot2,57.5
Winner,bot2

32,easy,medium,1,6 ♦,"['12 ♠', '6 ♣']",6 ♣,bot1,6
32,easy,medium,2,8 ♦,"['9 ♠', '8 ♣']",8 ♣,bot1,8
32,easy,medium,3,11 ♦,"['6 ♠', '11 ♣']",11 ♣,bot2,11
32,easy,medium,4,7 ♦,"['2 ♠', '7 ♣']",7 ♣,bot2,7
32,easy,medium,5,3 ♦,"['13 ♠', '3 ♣']",3 ♣,bot1,3
32,easy,medium,6,2 ♦,"['3 ♠', '2 ♣']",2 ♣,bot1,2
32,easy,medium,7,4 ♦,"['1 ♠', '4 ♣']",4 ♣,bot2,4
32,easy,medium,8,10 ♦,"['11 ♠', '10 ♣']",10 ♣,bot1,10
32,easy,medium,9,5 ♦,"['7 ♠', '5 ♣']",5 ♣,bot1,5
32,easy,medium,10,13 ♦,"['4 ♠', '13 ♣']",13 ♣,bot2,13
32,easy,medium,11,1 ♦,"['10 ♠', '1 ♣']",1 ♣,bot1,1
32,easy,medium,12,9 ♦,"['5 ♠', '9 ♣']",9 ♣,bot2,9
32,easy,medium,13,12 ♦,"['8 ♠', '12 ♣']",12 ♣,bot2,12

Game Number,32,Final Scores
bot1,35.0
bot2,56.0
Winner,bot2

33,easy,medium,1,6 ♦,"['6 ♠', '6 ♣']",6 ♣,"['bot1', 'bot2']",6
33,easy,medium,2,11 ♦,"['5 ♠', '11 ♣']",11 ♣,bot2,11
33,easy,medium,3,7 ♦,"['13 ♠', '7 ♣']",7 ♣,bot1,7
33,easy,medium,4,3 ♦,"['9 ♠', '3 ♣']",3 ♣,bot1,3
33,easy,medium,5,13 ♦,"['1 ♠', '13 ♣']",13 ♣,bot2,13
33,easy,medium,6,4 ♦,"['7 ♠', '4 ♣']",4 ♣,bot1,4
33,easy,medium,7,8 ♦,"['2 ♠', '8 ♣']",8 ♣,bot2,8
33,easy,medium,8,9 ♦,"['3 ♠', '9 ♣']",9 ♣,bot2,9
33,easy,medium,9,2 ♦,"['4 ♠', '2 ♣']",2 ♣,bot1,2
33,easy,medium,10,5 ♦,"['10 ♠', '5 ♣']",5 ♣,bot1,5
33,easy,medium,11,12 ♦,"['11 ♠', '12 ♣']",12 ♣,bot2,12
33,easy,medium,12,1 ♦,"['12 ♠', '1 ♣']",1 ♣,bot1,1
33,easy,medium,13,10 ♦,"['8 ♠', '10 ♣']",10 ♣,bot2,10

Game Number,33,Final Scores
bot1,25.0
bot2,66.0
Winner,bot2

34,easy,medium,1,3 ♦,"['5 ♠', '3 ♣']",3 ♣,bot1,3
34,easy,medium,2,4 ♦,"['2 ♠', '4 ♣']",4 ♣,bot2,4
34,easy,medium,3,2 ♦,"['12 ♠', '2 ♣']",2 ♣,bot1,2
34,easy,medium,4,10 ♦,"['8 ♠', '10 ♣']",10 ♣,bot2,10
34,easy,medium,5,13 ♦,"['4 ♠', '13 ♣']",13 ♣,bot2,13
34,easy,medium,6,1 ♦,"['10 ♠', '1 ♣']",1 ♣,bot1,1
34,easy,medium,7,9 ♦,"['1 ♠', '9 ♣']",9 ♣,bot2,9
34,easy,medium,8,8 ♦,"['7 ♠', '8 ♣']",8 ♣,bot2,8
34,easy,medium,9,5 ♦,"['11 ♠', '5 ♣']",5 ♣,bot1,5
34,easy,medium,10,7 ♦,"['13 ♠', '7 ♣']",7 ♣,bot1,7
34,easy,medium,11,6 ♦,"['9 ♠', '6 ♣']",6 ♣,bot1,6
34,easy,medium,12,12 ♦,"['6 ♠', '12 ♣']",12 ♣,bot2,12
34,easy,medium,13,11 ♦,"['3 ♠', '11 ♣']",11 ♣,bot2,11

Game Number,34,Final Scores
bot1,24.0
bot2,67.0
Winner,bot2

35,easy,medium,1,5 ♦,"['13 ♠', '5 ♣']",5 ♣,bot1,5
35,easy,medium,2,6 ♦,"['12 ♠', '6 ♣']",6 ♣,bot1,6
35,easy,medium,3,4 ♦,"['6 ♠', '4 ♣']",4 ♣,bot1,4
35,easy,medium,4,12 ♦,"['8 ♠', '12 ♣']",12 ♣,bot2,12
35,easy,medium,5,13 ♦,"['7 ♠', '13 ♣']",13 ♣,bot2,13
35,easy,medium,6,7 ♦,"['2 ♠', '7 ♣']",7 ♣,bot2,7
35,easy,medium,7,2 ♦,"['11 ♠', '2 ♣']",2 ♣,bot1,2
35,easy,medium,8,1 ♦,"['9 ♠', '1 ♣']",1 ♣,bot1,1
35,easy,medium,9,3 ♦,"['10 ♠', '3 ♣']",3 ♣,bot1,3
35,easy,medium,10,8 ♦,"['4 ♠', '8 ♣']",8 ♣,bot2,8
35,easy,medium,11,9 ♦,"['3 ♠', '9 ♣']",9 ♣,bot2,9
35,easy,medium,12,11 ♦,"['1 ♠', '11 ♣']",11 ♣,bot2,11
35,easy,medium,13,10 ♦,"['5 ♠', '10 ♣']",10 ♣,bot2,10

Game Number,35,Final Scores
bot1,21.0
bot2,70.0
Winner,bot2

36,easy,medium,1,6 ♦,"['7 ♠', '6 ♣']",6 ♣,bot1,6
36,easy,medium,2,5 ♦,"['13 ♠', '5 ♣']",5 ♣,bot1,5
36,easy,medium,3,13 ♦,"['2 ♠', '13 ♣']",13 ♣,bot2,13
36,easy,medium,4,11 ♦,"['6 ♠', '11 ♣']",11 ♣,bot2,11
36,easy,medium,5,2 ♦,"['12 ♠', '2 ♣']",2 ♣,bot1,2
36,easy,medium,6,9 ♦,"['1 ♠', '9 ♣']",9 ♣,bot2,9
36,easy,medium,7,8 ♦,"['11 ♠', '8 ♣']",8 ♣,bot1,8
36,easy,medium,8,12 ♦,"['3 ♠', '12 ♣']",12 ♣,bot2,12
36,easy,medium,9,4 ♦,"['5 ♠', '4 ♣']",4 ♣,bot1,4
36,easy,medium,10,3 ♦,"['9 ♠', '3 ♣']",3 ♣,bot1,3
36,easy,medium,11,10 ♦,"['8 ♠', '10 ♣']",10 ♣,bot2,10
36,easy,medium,12,1 ♦,"['4 ♠', '1 ♣']",1 ♣,bot1,1
36,easy,medium,13,7 ♦,"['10 ♠', '7 ♣']",7 ♣,bot1,7

Game Number,36,Final Scores
bot1,36.0
bot2,55.0
Winner,bot2

37,easy,medium,1,6 ♦,"['1 ♠', '6 ♣']",6 ♣,bot2,6
37,easy,medium,2,3 ♦,"['2 ♠', '3 ♣']",3 ♣,bot2,3
37,easy,medium,3,9 ♦,"['6 ♠', '9 ♣']",9 ♣,bot2,9
37,easy,medium,4,11 ♦,"['9 ♠', '11 ♣']",11 ♣,bot2,11
37,easy,medium,5,12 ♦,"['5 ♠', '12 ♣']",12 ♣,bot2,12
37,easy,medium,6,10 ♦,"['7 ♠', '10 ♣']",10 ♣,bot2,10
37,easy,medium,7,8 ♦,"['12 ♠', '8 ♣']",8 ♣,bot1,8
37,easy,medium,8,1 ♦,"['13 ♠', '1 ♣']",1 ♣,bot1,1
37,easy,medium,9,4 ♦,"['3 ♠', '4 ♣']",4 ♣,bot2,4
37,easy,medium,10,13 ♦,"['4 ♠', '13 ♣']",13 ♣,bot2,13
37,easy,medium,11,7 ♦,"['10 ♠', '7 ♣']",7 ♣,bot1,7
37,easy,medium,12,2 ♦,"['8 ♠', '2 ♣']",2 ♣,bot1,2
37,easy,medium,13,5 ♦,"['11 ♠', '5 ♣']",5 ♣,bot1,5

Game Number,37,Final Scores
bot1,23.0
bot2,68.0
Winner,bot2

38,easy,medium,1,6 ♦,"['2 ♠', '6 ♣']",6 ♣,bot2,6
38,easy,medium,2,13 ♦,"['3 ♠', '13 ♣']",13 ♣,bot2,13
38,easy,medium,3,5 ♦,"['11 ♠', '5 ♣']",5 ♣,bot1,5
38,easy,medium,4,11 ♦,"['4 ♠', '11 ♣']",11 ♣,bot2,11
38,easy,medium,5,8 ♦,"['1 ♠', '8 ♣']",8 ♣,bot2,8
38,easy,medium,6,12 ♦,"['12 ♠', '12 ♣']",12 ♣,"['bot1', 'bot2']",12
38,easy,medium,7,9 ♦,"['8 ♠', '9 ♣']",9 ♣,bot2,9
38,easy,medium,8,2 ♦,"['5 ♠', '2 ♣']",2 ♣,bot1,2
38,easy,medium,9,7 ♦,"['6 ♠', '7 ♣']",7 ♣,bot2,7
38,easy,medium,10,10 ♦,"['7 ♠', '10 ♣']",10 ♣,bot2,10
38,easy,medium,11,1 ♦,"['13 ♠', '1 ♣']",1 ♣,bot1,1
38,easy,medium,12,4 ♦,"['10 ♠', '4 ♣']",4 ♣,bot1,4
38,easy,medium,13,3 ♦,"['9 ♠', '3 ♣']",3 ♣,bot1,3

Game Number,38,Final Scores
bot1,21.0
bot2,70.0
Winner,bot2

39,easy,medium,1,6 ♦,"['4 ♠', '6 ♣']",6 ♣,bot2,6
39,easy,medium,2,11 ♦,"['1 ♠', '11 ♣']",11 ♣,bot2,11
39,easy,medium,3,13 ♦,"['3 ♠', '13 ♣']",13 ♣,bot2,13
39,easy,medium,4,5 ♦,"['5 ♠', '5 ♣']",5 ♣,"['bot1', 'bot2']",5
39,easy,medium,5,7 ♦,"['13 ♠', '7 ♣']",7 ♣,bot1,7
39,easy,medium,6,2 ♦,"['8 ♠', '2 ♣']",2 ♣,bot1,2
39,easy,medium,7,8 ♦,"['6 ♠', '8 ♣']",8 ♣,bot2,8
39,easy,medium,8,9 ♦,"['11 ♠', '9 ♣']",9 ♣,bot1,9
39,easy,medium,9,3 ♦,"['2 ♠', '3 ♣']",3 ♣,bot2,3
39,easy,medium,10,1 ♦,"['10 ♠', '1 ♣']",1 ♣,bot1,1
39,easy,medium,11,4 ♦,"['12 ♠', '4 ♣']",4 ♣,bot1,4
39,easy,medium,12,12 ♦,"['9 ♠', '12 ♣']",12 ♣,bot2,12
39,easy,medium,13,10 ♦,"['7 ♠', '10 ♣']",10 ♣,bot2,10

Game Number,39,Final Scores
bot1,25.5
bot2,65.5
Winner,bot2

40,easy,medium,1,12 ♦,"['11 ♠', '12 ♣']",12 ♣,bot2,12
40,easy,medium,2,9 ♦,"['9 ♠', '9 ♣']",9 ♣,"['bot1', 'bot2']",9
40,easy,medium,3,10 ♦,"['3 ♠', '10 ♣']",10 ♣,bot2,10
40,easy,medium,4,2 ♦,"['10 ♠', '2 ♣']",2 ♣,bot1,2
40,easy,medium,5,1 ♦,"['13 ♠', '1 ♣']",1 ♣,bot1,1
40,easy,medium,6,5 ♦,"['5 ♠', '5 ♣']",5 ♣,"['bot1', 'bot2']",5
40,easy,medium,7,11 ♦,"['7 ♠', '11 ♣']",11 ♣,bot2,11
40,easy,medium,8,4 ♦,"['4 ♠', '4 ♣']",4 ♣,"['bot1', 'bot2']",4
40,easy,medium,9,6 ♦,"['6 ♠', '6 ♣']",6 ♣,"['bot1', 'bot2']",6
40,easy,medium,10,7 ♦,"['12 ♠', '7 ♣']",7 ♣,bot1,7
40,easy,medium,11,3 ♦,"['8 ♠', '3 ♣']",3 ♣,bot1,3
40,easy,medium,12,13 ♦,"['2 ♠', '13 ♣']",13 ♣,bot2,13
40,easy,medium,13,8 ♦,"['1 ♠', '8 ♣']",8 ♣,bot2,8

Game Number,40,Final Scores
bot1,25.0
bot2,66.0
Winner,bot2

41,easy,medium,1,12 ♦,"['9 ♠', '12 ♣']",12 ♣,bot2,12
41,easy,medium,2,11 ♦,"['11 ♠', '11 ♣']",11 ♣,"['bot1', 'bot2']",11
41,easy,medium,3,2 ♦,"['13 ♠', '2 ♣']",2 ♣,bot1,2
41,easy,medium,4,7 ♦,"['8 ♠', '7 ♣']",7 ♣,bot1,7
41,easy,medium,5,10 ♦,"['7 ♠', '10 ♣']",10 ♣,bot2,10
41,easy,medium,6,13 ♦,"['12 ♠', '13 ♣']",13 ♣,bot2,13
41,easy,medium,7,4 ♦,"['1 ♠', '4 ♣']",4 ♣,bot2,4
41,easy,medium,8,1 ♦,"['10 ♠', '1 ♣']",1 ♣,bot1,1
41,easy,medium,9,3 ♦,"['5 ♠', '3 ♣']",3 ♣,bot1,3
41,easy,medium,10,6 ♦,"['4 ♠', '6 ♣']",6 ♣,bot2,6
41,easy,medium,11,8 ♦,"['3 ♠', '8 ♣']",8 ♣,bot2,8
41,easy,medium,12,5 ♦,"['6 ♠', '5 ♣']",5 ♣,bot1,5
41,easy,medium,13,9 ♦,"['2 ♠', '9 ♣']",9 ♣,bot2,9

Game Number,41,Final Scores
bot1,23.5
bot2,67.5
Winner,bot2

42,easy,medium,1,3 ♦,"['8 ♠', '3 ♣']",3 ♣,bot1,3
42,easy,medium,2,13 ♦,"['13 ♠', '13 ♣']",13 ♣,"['bot1', 'bot2']",13
42,easy,medium,3,5 ♦,"['1 ♠', '5 ♣']",5 ♣,bot2,5
42,easy,medium,4,11 ♦,"['10 ♠', '11 ♣']",11 ♣,bot2,11
42,easy,medium,5,8 ♦,"['2 ♠', '8 ♣']",8 ♣,bot2,8
42,easy,medium,6,6 ♦,"['11 ♠', '6 ♣']",6 ♣,bot1,6
42,easy,medium,7,10 ♦,"['6 ♠', '10 ♣']",10 ♣,bot2,10
42,easy,medium,8,12 ♦,"['4 ♠', '12 ♣']",12 ♣,bot2,12
42,easy,medium,9,4 ♦,"['7 ♠', '4 ♣']",4 ♣,bot1,4
42,easy,medium,10,2 ♦,"['5 ♠', '2 ♣']",2 ♣,bot1,2
42,easy,medium,11,7 ♦,"['9 ♠', '7 ♣']",7 ♣,bot1,7
42,easy,medium,12,1 ♦,"['12 ♠', '1 ♣']",1 ♣,bot1,1
42,easy,medium,13,9 ♦,"['3 ♠', '9 ♣']",9 ♣,bot2,9

Game Number,42,Final Scores
bot1,29.5
bot2,61.5
Winner,bot2

43,easy,medium,1,6 ♦,"['5 ♠', '6 ♣']",6 ♣,bot2,6
43,easy,medium,2,9 ♦,"['1 ♠', '9 ♣']",9 ♣,bot2,9
43,easy,medium,3,12 ♦,"['4 ♠', '12 ♣']",12 ♣,bot2,12
43,easy,medium,4,7 ♦,"['2 ♠', '7 ♣']",7 ♣,bot2,7
43,easy,medium,5,3 ♦,"['7 ♠', '3 ♣']",3 ♣,bot1,3
43,easy,medium,6,13 ♦,"['11 ♠', '13 ♣']",13 ♣,bot2,13
43,easy,medium,7,2 ♦,"['12 ♠', '2 ♣']",2 ♣,bot1,2
43,easy,medium,8,8 ♦,"['9 ♠', '8 ♣']",8 ♣,bot1,8
43,easy,medium,9,11 ♦,"['13 ♠', '11 ♣']",11 ♣,bot1,11
43,easy,medium,10,4 ♦,"['8 ♠', '4 ♣']",4 ♣,bot1,4
43,easy,medium,11,5 ♦,"['10 ♠', '5 ♣']",5 ♣,bot1,5
43,easy,medium,12,10 ♦,"['3 ♠', '10 ♣']",10 ♣,bot2,10
43,easy,medium,13,1 ♦,"['6 ♠', '1 ♣']",1 ♣,bot1,1

Game Number,43,Final Scores
bot1,34.0
bot2,57.0
Winner,bot2

44,easy,medium,1,11 ♦,"['4 ♠', '11 ♣']",11 ♣,bot2,11
44,easy,medium,2,2 ♦,"['6 ♠', '2 ♣']",2 ♣,bot1,2
44,easy,medium,3,8 ♦,"['8 ♠', '8 ♣']",8 ♣,"['bot1', 'bot2']",8
44,easy,medium,4,10 ♦,"['13 ♠', '10 ♣']",10 ♣,bot1,10
44,easy,medium,5,4 ♦,"['5 ♠', '4 ♣']",4 ♣,bot1,4
44,easy,medium,6,1 ♦,"['11 ♠', '1 ♣']",1 ♣,bot1,1
44,easy,medium,7,7 ♦,"['3 ♠', '7 ♣']",7 ♣,bot2,7
44,easy,medium,8,6 ♦,"['10 ♠', '6 ♣']",6 ♣,bot1,6
44,easy,medium,9,3 ♦,"['1 ♠', '3 ♣']",3 ♣,bot2,3
44,easy,medium,10,9 ♦,"['7 ♠', '9 ♣']",9 ♣,bot2,9
44,easy,medium,11,12 ♦,"['12 ♠', '12 ♣']",12 ♣,"['bot1', 'bot2']",12
44,easy,medium,12,5 ♦,"['9 ♠', '5 ♣']",5 ♣,bot1,5
44,easy,medium,13,13 ♦,"['2 ♠', '13 ♣']",13 ♣,bot2,13

Game Number,44,Final Scores
bot1,38.0
bot2,53.0
Winner,bot2

45,easy,medium,1,9 ♦,"['12 ♠', '9 ♣']",9 ♣,bot1,9
45,easy,medium,2,8 ♦,"['3 ♠', '8 ♣']",8 ♣,bot2,8
45,easy,medium,3,12 ♦,"['13 ♠', '12 ♣']",12 ♣,bot1,12
45,easy,medium,4,4 ♦,"['1 ♠', '4 ♣']",4 ♣,bot2,4
45,easy,medium,5,13 ♦,"['4 ♠', '13 ♣']",13 ♣,bot2,13
45,easy,medium,6,10 ♦,"['11 ♠', '10 ♣']",10 ♣,bot1,10
45,easy,medium,7,7 ♦,"['6 ♠', '7 ♣']",7 ♣,bot2,7
45,easy,medium,8,2 ♦,"['5 ♠', '2 ♣']",2 ♣,bot1,2
45,easy,medium,9,11 ♦,"['10 ♠', '11 ♣']",11 ♣,bot2,11
45,easy,medium,10,1 ♦,"['2 ♠', '1 ♣']",1 ♣,bot1,1
45,easy,medium,11,3 ♦,"['8 ♠', '3 ♣']",3 ♣,bot1,3
45,easy,medium,12,6 ♦,"['7 ♠', '6 ♣']",6 ♣,bot1,6
45,easy,medium,13,5 ♦,"['9 ♠', '5 ♣']",5 ♣,bot1,5

Game Number,45,Final Scores
bot1,48.0
bot2,43.0
Winner,bot1

46,easy,medium,1,4 ♦,"['6 ♠', '4 ♣']",4 ♣,bot1,4
46,easy,medium,2,10 ♦,"['3 ♠', '10 ♣']",10 ♣,bot2,10
46,easy,medium,3,2 ♦,"['13 ♠', '2 ♣']",2 ♣,bot1,2
46,easy,medium,4,6 ♦,"['9 ♠', '6 ♣']",6 ♣,bot1,6
46,easy,medium,5,3 ♦,"['5 ♠', '3 ♣']",3 ♣,bot1,3
46,easy,medium,6,12 ♦,"['8 ♠', '12 ♣']",12 ♣,bot2,12
46,easy,medium,7,7 ♦,"['10 ♠', '7 ♣']",7 ♣,bot1,7
46,easy,medium,8,1 ♦,"['7 ♠', '1 ♣']",1 ♣,bot1,1
46,easy,medium,9,5 ♦,"['4 ♠', '5 ♣']",5 ♣,bot2,5
46,easy,medium,10,8 ♦,"['11 ♠', '8 ♣']",8 ♣,bot1,8
46,easy,medium,11,11 ♦,"['2 ♠', '11 ♣']",11 ♣,bot2,11
46,easy,medium,12,13 ♦,"['1 ♠', '13 ♣']",13 ♣,bot2,13
46,easy,medium,13,9 ♦,"['12 ♠', '9 ♣']",9 ♣,bot1,9

Game Number,46,Final Scores
bot1,40.0
bot2,51.0
Winner,bot2

47,easy,medium,1,8 ♦,"['8 ♠', '8 ♣']",8 ♣,"['bot1', 'bot2']",8
47,easy,medium,2,10 ♦,"['2 ♠', '10 ♣']",10 ♣,bot2,10
47,easy,medium,3,9 ♦,"['3 ♠', '9 ♣']",9 ♣,bot2,9
47,easy,medium,4,6 ♦,"['12 ♠', '6 ♣']",6 ♣,bot1,6
47,easy,medium,5,13 ♦,"['7 ♠', '13 ♣']",13 ♣,bot2,13
47,easy,medium,6,1 ♦,"['6 ♠', '1 ♣']",1 ♣,bot1,1
47,easy,medium,7,3 ♦,"['1 ♠', '3 ♣']",3 ♣,bot2,3
47,easy,medium,8,5 ♦,"['4 ♠', '5 ♣']",5 ♣,bot2,5
47,easy,medium,9,2 ♦,"['5 ♠', '2 ♣']",2 ♣,bot1,2
47,easy,medium,10,11 ♦,"['10 ♠', '11 ♣']",11 ♣,bot2,11
47,easy,medium,11,7 ♦,"['11 ♠', '7 ♣']",7 ♣,bot1,7
47,easy,medium,12,4 ♦,"['9 ♠', '4 ♣']",4 ♣,bot1,4
47,easy,medium,13,12 ♦,"['13 ♠', '12 ♣']",12 ♣,bot1,12

Game Number,47,Final Scores
bot1,36.0
bot2,55.0
Winner,bot2

48,easy,medium,1,12 ♦,"['4 ♠', '12 ♣']",12 ♣,bot2,12
48,easy,medium,2,13 ♦,"['9 ♠', '13 ♣']",13 ♣,bot2,13
48,easy,medium,3,6 ♦,"['6 ♠', '6 ♣']",6 ♣,"['bot1', 'bot2']",6
48,easy,medium,4,9 ♦,"['12 ♠', '9 ♣']",9 ♣,bot1,9
48,easy,medium,5,11 ♦,"['7 ♠', '11 ♣']",11 ♣,bot2,11
48,easy,medium,6,8 ♦,"['11 ♠', '8 ♣']",8 ♣,bot1,8
48,easy,medium,7,3 ♦,"['5 ♠', '3 ♣']",3 ♣,bot1,3
48,easy,medium,8,5 ♦,"['2 ♠', '5 ♣']",5 ♣,bot2,5
48,easy,medium,9,7 ♦,"['10 ♠', '7 ♣']",7 ♣,bot1,7
48,easy,medium,10,1 ♦,"['8 ♠', '1 ♣']",1 ♣,bot1,1
48,easy,medium,11,2 ♦,"['1 ♠', '2 ♣']",2 ♣,bot2,2
48,easy,medium,12,4 ♦,"['13 ♠', '4 ♣']",4 ♣,bot1,4
48,easy,medium,13,10 ♦,"['3 ♠', '10 ♣']",10 ♣,bot2,10

Game Number,48,Final Scores
bot1,35.0
bot2,56.0
Winner,bot2

49,easy,medium,1,11 ♦,"['5 ♠', '11 ♣']",11 ♣,bot2,11
49,easy,medium,2,4 ♦,"['11 ♠', '4 ♣']",4 ♣,bot1,4
49,easy,medium,3,13 ♦,"['6 ♠', '13 ♣']",13 ♣,bot2,13
49,easy,medium,4,9 ♦,"['1 ♠', '9 ♣']",9 ♣,bot2,9
49,easy,medium,5,10 ♦,"['10 ♠', '10 ♣']",10 ♣,"['bot1', 'bot2']",10
49,easy,medium,6,7 ♦,"['13 ♠', '7 ♣']",7 ♣,bot1,7
49,easy,medium,7,12 ♦,"['12 ♠', '12 ♣']",12 ♣,"['bot1', 'bot2']",12
49,easy,medium,8,5 ♦,"['9 ♠', '5 ♣']",5 ♣,bot1,5
49,easy,medium,9,3 ♦,"['8 ♠', '3 ♣']",3 ♣,bot1,3
49,easy,medium,10,1 ♦,"['2 ♠', '1 ♣']",1 ♣,bot1,1
49,easy,medium,11,2 ♦,"['7 ♠', '2 ♣']",2 ♣,bot1,2
49,easy,medium,12,8 ♦,"['4 ♠', '8 ♣']",8 ♣,bot2,8
49,easy,medium,13,6 ♦,"['3 ♠', '6 ♣']",6 ♣,bot2,6

Game Number,49,Final Scores
bot1,33.0
bot2,58.0
Winner,bot2

50,easy,medium,1,8 ♦,"['5 ♠', '8 ♣']",8 ♣,bot2,8
50,easy,medium,2,4 ♦,"['11 ♠', '4 ♣']",4 ♣,bot1,4
50,easy,medium,3,5 ♦,"['3 ♠', '5 ♣']",5 ♣,bot2,5
50,easy,medium,4,6 ♦,"['13 ♠', '6 ♣']",6 ♣,bot1,6
50,easy,medium,5,12 ♦,"['10 ♠', '12 ♣']",12 ♣,bot2,12
50,easy,medium,6,11 ♦,"['7 ♠', '11 ♣']",11 ♣,bot2,11
50,easy,medium,7,7 ♦,"['6 ♠', '7 ♣']",7 ♣,bot2,7
50,easy,medium,8,1 ♦,"['8 ♠', '1 ♣']",1 ♣,bot1,1
50,easy,medium,9,9 ♦,"['2 ♠', '9 ♣']",9 ♣,bot2,9
50,easy,medium,10,10 ♦,"['4 ♠', '10 ♣']",10 ♣,bot2,10
50,easy,medium,11,13 ♦,"['12 ♠', '13 ♣']",13 ♣,bot2,13
50,easy,medium,12,2 ♦,"['9 ♠', '2 ♣']",2 ♣,bot1,2
50,easy,medium,13,3 ♦,"['1 ♠', '3 ♣']",3 ♣,bot2,3

Game Number,50,Final Scores
bot1,13.0
bot2,78.0
Winner,bot2

51,easy,medium,1,2 ♦,"['10 ♠', '2 ♣']",2 ♣,bot1,2
51,easy,medium,2,3 ♦,"['8 ♠', '3 ♣']",3 ♣,bot1,3
51,easy,medium,3,9 ♦,"['6 ♠', '9 ♣']",9 ♣,bot2,9
51,easy,medium,4,1 ♦,"['7 ♠', '1 ♣']",1 ♣,bot1,1
51,easy,medium,5,6 ♦,"['13 ♠', '6 ♣']",6 ♣,bot1,6
51,easy,medium,6,5 ♦,"['5 ♠', '5 ♣']",5 ♣,"['bot1', 'bot2']",5
51,easy,medium,7,11 ♦,"['2 ♠', '11 ♣']",11 ♣,bot2,11
51,easy,medium,8,7 ♦,"['11 ♠', '7 ♣']",7 ♣,bot1,7
51,easy,medium,9,13 ♦,"['12 ♠', '13 ♣']",13 ♣,bot2,13
51,easy,medium,10,8 ♦,"['3 ♠', '8 ♣']",8 ♣,bot2,8
51,easy,medium,11,4 ♦,"['4 ♠', '4 ♣']",4 ♣,"['bot1', 'bot2']",4
51,easy,medium,12,12 ♦,"['9 ♠', '12 ♣']",12 ♣,bot2,12
51,easy,medium,13,10 ♦,"['1 ♠', '10 ♣']",10 ♣,bot2,10

Game Number,51,Final Scores
bot1,23.5
bot2,67.5
Winner,bot2

52,easy,medium,1,8 ♦,"['3 ♠', '8 ♣']",8 ♣,bot2,8
52,easy,medium,2,4 ♦,"['10 ♠', '4 ♣']",4 ♣,bot1,4
52,easy,medium,3,10 ♦,"['13 ♠', '10 ♣']",10 ♣,bot1,10
52,easy,medium,4,5 ♦,"['2 ♠', '5 ♣']",5 ♣,bot2,5
52,easy,medium,5,11 ♦,"['8 ♠', '11 ♣']",11 ♣,bot2,11
52,easy,medium,6,1 ♦,"['12 ♠', '1 ♣']",1 ♣,bot1,1
52,easy,medium,7,7 ♦,"['6 ♠', '7 ♣']",7 ♣,bot2,7
52,easy,medium,8,6 ♦,"['9 ♠', '6 ♣']",6 ♣,bot1,6
52,easy,medium,9,13 ♦,"['5 ♠', '13 ♣']",13 ♣,bot2,13
52,easy,medium,10,3 ♦,"['11 ♠', '3 ♣']",3 ♣,bot1,3
52,easy,medium,11,9 ♦,"['7 ♠', '9 ♣']",9 ♣,bot2,9
52,easy,medium,12,12 ♦,"['1 ♠', '12 ♣']",12 ♣,bot2,12
52,easy,medium,13,2 ♦,"['4 ♠', '2 ♣']",2 ♣,bot1,2

Game Number,52,Final Scores
bot1,26.0
bot2,65.0
Winner,bot2

53,easy,medium,1,1 ♦,"['6 ♠', '1 ♣']",1 ♣,bot1,1
53,easy,medium,2,2 ♦,"['10 ♠', '2 ♣']",2 ♣,bot1,2
53,easy,medium,3,12 ♦,"['4 ♠', '12 ♣']",12 ♣,bot2,12
53,easy,medium,4,3 ♦,"['9 ♠', '3 ♣']",3 ♣,bot1,3
53,easy,medium,5,10 ♦,"['2 ♠', '10 ♣']",10 ♣,bot2,10
53,easy,medium,6,5 ♦,"['13 ♠', '5 ♣']",5 ♣,bot1,5
53,easy,medium,7,6 ♦,"['12 ♠', '6 ♣']",6 ♣,bot1,6
53,easy,medium,8,9 ♦,"['8 ♠', '9 ♣']",9 ♣,bot2,9
53,easy,medium,9,4 ♦,"['1 ♠', '4 ♣']",4 ♣,bot2,4
53,easy,medium,10,7 ♦,"['11 ♠', '7 ♣']",7 ♣,bot1,7
53,easy,medium,11,13 ♦,"['3 ♠', '13 ♣']",13 ♣,bot2,13
53,easy,medium,12,8 ♦,"['5 ♠', '8 ♣']",8 ♣,bot2,8
53,easy,medium,13,11 ♦,"['7 ♠', '11 ♣']",11 ♣,bot2,11

Game Number,53,Final Scores
bot1,24.0
bot2,67.0
Winner,bot2

54,easy,medium,1,4 ♦,"['11 ♠', '4 ♣']",4 ♣,bot1,4
54,easy,medium,2,10 ♦,"['1 ♠', '10 ♣']",10 ♣,bot2,10
54,easy,medium,3,6 ♦,"['8 ♠', '6 ♣']",6 ♣,bot1,6
54,easy,medium,4,8 ♦,"['13 ♠', '8 ♣']",8 ♣,bot1,8
54,easy,medium,5,1 ♦,"['2 ♠', '1 ♣']",1 ♣,bot1,1
54,easy,medium,6,7 ♦,"['3 ♠', '7 ♣']",7 ♣,bot2,7
54,easy,medium,7,5 ♦,"['9 ♠', '5 ♣']",5 ♣,bot1,5
54,easy,medium,8,11 ♦,"['10 ♠', '11 ♣']",11 ♣,bot2,11
54,easy,medium,9,9 ♦,"['12 ♠', '9 ♣']",9 ♣,bot1,9
54,easy,medium,10,3 ♦,"['4 ♠', '3 ♣']",3 ♣,bot1,3
54,easy,medium,11,2 ♦,"['5 ♠', '2 ♣']",2 ♣,bot1,2
54,easy,medium,12,13 ♦,"['7 ♠', '13 ♣']",13 ♣,bot2,13
54,easy,medium,13,12 ♦,"['6 ♠', '12 ♣']",12 ♣,bot2,12

Game Number,54,Final Scores
bot1,38.0
bot2,53.0
Winner,bot2

55,easy,medium,1,11 ♦,"['3 ♠', '11 ♣']",11 ♣,bot2,11
55,easy,medium,2,7 ♦,"['13 ♠', '7 ♣']",7 ♣,bot1,7
55,easy,medium,3,12 ♦,"['4 ♠', '12 ♣']",12 ♣,bot2,12
55,easy,medium,4,8 ♦,"['7 ♠', '8 ♣']",8 ♣,bot2,8
55,easy,medium,5,6 ♦,"['2 ♠', '6 ♣']",6 ♣,bot2,6
55,easy,medium,6,2 ♦,"['10 ♠', '2 ♣']",2 ♣,bot1,2
55,easy,medium,7,9 ♦,"['11 ♠', '9 ♣']",9 ♣,bot1,9
55,easy,medium,8,13 ♦,"['5 ♠', '13 ♣']",13 ♣,bot2,13
55,easy,medium,9,10 ♦,"['12 ♠', '10 ♣']",10 ♣,bot1,10
55,easy,medium,10,1 ♦,"['1 ♠', '1 ♣']",1 ♣,"['bot1', 'bot2']",1
55,easy,medium,11,4 ♦,"['8 ♠', '4 ♣']",4 ♣,bot1,4
55,easy,medium,12,5 ♦,"['6 ♠', '5 ♣']",5 ♣,bot1,5
55,easy,medium,13,3 ♦,"['9 ♠', '3 ♣']",3 ♣,bot1,3

Game Number,55,Final Scores
bot1,40.5
bot2,50.5
Winner,bot2

56,easy,medium,1,5 ♦,"['13 ♠', '5 ♣']",5 ♣,bot1,5
56,easy,medium,2,9 ♦,"['11 ♠', '9 ♣']",9 ♣,bot1,9
56,easy,medium,3,6 ♦,"['12 ♠', '6 ♣']",6 ♣,bot1,6
56,easy,medium,4,1 ♦,"['7 ♠', '1 ♣']",1 ♣,bot1,1
56,easy,medium,5,13 ♦,"['3 ♠', '13 ♣']",13 ♣,bot2,13
56,easy,medium,6,2 ♦,"['4 ♠', '2 ♣']",2 ♣,bot1,2
56,easy,medium,7,10 ♦,"['5 ♠', '10 ♣']",10 ♣,bot2,10
56,easy,medium,8,8 ♦,"['1 ♠', '8 ♣']",8 ♣,bot2,8
56,easy,medium,9,11 ♦,"['2 ♠', '11 ♣']",11 ♣,bot2,11
56,easy,medium,10,12 ♦,"['8 ♠', '12 ♣']",12 ♣,bot2,12
56,easy,medium,11,3 ♦,"['9 ♠', '3 ♣']",3 ♣,bot1,3
56,easy,medium,12,4 ♦,"['10 ♠', '4 ♣']",4 ♣,bot1,4
56,easy,medium,13,7 ♦,"['6 ♠', '7 ♣']",7 ♣,bot2,7

Game Number,56,Final Scores
bot1,30.0
bot2,61.0
Winner,bot2

57,easy,medium,1,11 ♦,"['8 ♠', '11 ♣']",11 ♣,bot2,11
57,easy,medium,2,6 ♦,"['7 ♠', '6 ♣']",6 ♣,bot1,6
57,easy,medium,3,1 ♦,"['11 ♠', '1 ♣']",1 ♣,bot1,1
57,easy,medium,4,2 ♦,"['6 ♠', '2 ♣']",2 ♣,bot1,2
57,easy,medium,5,10 ♦,"['4 ♠', '10 ♣']",10 ♣,bot2,10
57,easy,medium,6,3 ♦,"['9 ♠', '3 ♣']",3 ♣,bot1,3
57,easy,medium,7,13 ♦,"['1 ♠', '13 ♣']",13 ♣,bot2,13
57,easy,medium,8,4 ♦,"['10 ♠', '4 ♣']",4 ♣,bot1,4
57,easy,medium,9,9 ♦,"['13 ♠', '9 ♣']",9 ♣,bot1,9
57,easy,medium,10,12 ♦,"['5 ♠', '12 ♣']",12 ♣,bot2,12
57,easy,medium,11,7 ♦,"['3 ♠', '7 ♣']",7 ♣,bot2,7
57,easy,medium,12,8 ♦,"['2 ♠', '8 ♣']",8 ♣,bot2,8
57,easy,medium,13,5 ♦,"['12 ♠', '5 ♣']",5 ♣,bot1,5

Game Number,57,Final Scores
bot1,30.0
bot2,61.0
Winner,bot2

58,easy,medium,1,12 ♦,"['3 ♠', '12 ♣']",12 ♣,bot2,12
58,easy,medium,2,2 ♦,"['5 ♠', '2 ♣']",2 ♣,bot1,2
58,easy,medium,3,8 ♦,"['1 ♠', '8 ♣']",8 ♣,bot2,8
58,easy,medium,4,10 ♦,"['4 ♠', '10 ♣']",10 ♣,bot2,10
58,easy,medium,5,7 ♦,"['2 ♠', '7 ♣']",7 ♣,bot2,7
58,easy,medium,6,1 ♦,"['8 ♠', '1 ♣']",1 ♣,bot1,1
58,easy,medium,7,3 ♦,"['12 ♠', '3 ♣']",3 ♣,bot1,3
58,easy,medium,8,9 ♦,"['11 ♠', '9 ♣']",9 ♣,bot1,9
58,easy,medium,9,11 ♦,"['13 ♠', '11 ♣']",11 ♣,bot1,11
58,easy,medium,10,6 ♦,"['6 ♠', '6 ♣']",6 ♣,"['bot1', 'bot2']",6
58,easy,medium,11,5 ♦,"['9 ♠', '5 ♣']",5 ♣,bot1,5
58,easy,medium,12,13 ♦,"['10 ♠', '13 ♣']",13 ♣,bot2,13
58,easy,medium,13,4 ♦,"['7 ♠', '4 ♣']",4 ♣,bot1,4

Game Number,58,Final Scores
bot1,38.0
bot2,53.0
Winner,bot2

59,easy,medium,1,8 ♦,"['1 ♠', '8 ♣']",8 ♣,bot2,8
59,easy,medium,2,13 ♦,"['12 ♠', '13 ♣']",13 ♣,bot2,13
59,easy,medium,3,12 ♦,"['6 ♠', '12 ♣']",12 ♣,bot2,12
59,easy,medium,4,10 ♦,"['5 ♠', '10 ♣']",10 ♣,bot2,10
59,easy,medium,5,2 ♦,"['4 ♠', '2 ♣']",2 ♣,bot1,2
59,easy,medium,6,3 ♦,"['3 ♠', '3 ♣']",3 ♣,"['bot1', 'bot2']",3
59,easy,medium,7,7 ♦,"['9 ♠', '7 ♣']",7 ♣,bot1,7
59,easy,medium,8,11 ♦,"['2 ♠', '11 ♣']",11 ♣,bot2,11
59,easy,medium,9,6 ♦,"['8 ♠', '6 ♣']",6 ♣,bot1,6
59,easy,medium,10,9 ♦,"['10 ♠', '9 ♣']",9 ♣,bot1,9
59,easy,medium,11,1 ♦,"['7 ♠', '1 ♣']",1 ♣,bot1,1
59,easy,medium,12,5 ♦,"['13 ♠', '5 ♣']",5 ♣,bot1,5
59,easy,medium,13,4 ♦,"['11 ♠', '4 ♣']",4 ♣,bot1,4

Game Number,59,Final Scores
bot1,35.5
bot2,55.5
Winner,bot2

60,easy,medium,1,9 ♦,"['5 ♠', '9 ♣']",9 ♣,bot2,9
60,easy,medium,2,10 ♦,"['8 ♠', '10 ♣']",10 ♣,bot2,10
60,easy,medium,3,11 ♦,"['10 ♠', '11 ♣']",11 ♣,bot2,11
60,easy,medium,4,4 ♦,"['1 ♠', '4 ♣']",4 ♣,bot2,4
60,easy,medium,5,1 ♦,"['6 ♠', '1 ♣']",1 ♣,bot1,1
60,easy,medium,6,6 ♦,"['2 ♠', '6 ♣']",6 ♣,bot2,6
60,easy,medium,7,8 ♦,"['13 ♠', '8 ♣']",8 ♣,bot1,8
60,easy,medium,8,12 ♦,"['3 ♠', '12 ♣']",12 ♣,bot2,12
60,easy,medium,9,5 ♦,"['11 ♠', '5 ♣']",5 ♣,bot1,5
60,easy,medium,10,3 ♦,"['9 ♠', '3 ♣']",3 ♣,bot1,3
60,easy,medium,11,7 ♦,"['12 ♠', '7 ♣']",7 ♣,bot1,7
60,easy,medium,12,13 ♦,"['4 ♠', '13 ♣']",13 ♣,bot2,13
60,easy,medium,13,2 ♦,"['7 ♠', '2 ♣']",2 ♣,bot1,2

Game Number,60,Final Scores
bot1,26.0
bot2,65.0
Winner,bot2

61,easy,medium,1,13 ♦,"['8 ♠', '13 ♣']",13 ♣,bot2,13
61,easy,medium,2,7 ♦,"['1 ♠', '7 ♣']",7 ♣,bot2,7
61,easy,medium,3,9 ♦,"['9 ♠', '9 ♣']",9 ♣,"['bot1', 'bot2']",9
61,easy,medium,4,6 ♦,"['3 ♠', '6 ♣']",6 ♣,bot2,6
61,easy,medium,5,1 ♦,"['6 ♠', '1 ♣']",1 ♣,bot1,1
61,easy,medium,6,5 ♦,"['7 ♠', '5 ♣']",5 ♣,bot1,5
61,easy,medium,7,12 ♦,"['13 ♠', '12 ♣']",12 ♣,bot1,12
61,easy,medium,8,3 ♦,"['10 ♠', '3 ♣']",3 ♣,bot1,3
61,easy,medium,9,11 ♦,"['5 ♠', '11 ♣']",11 ♣,bot2,11
61,easy,medium,10,10 ♦,"['2 ♠', '10 ♣']",10 ♣,bot2,10
61,easy,medium,11,4 ♦,"['12 ♠', '4 ♣']",4 ♣,bot1,4
61,easy,medium,12,8 ♦,"['11 ♠', '8 ♣']",8 ♣,bot1,8
61,easy,medium,13,2 ♦,"['4 ♠', '2 ♣']",2 ♣,bot1,2

Game Number,61,Final Scores
bot1,39.5
bot2,51.5
Winner,bot2

62,easy,medium,1,7 ♦,"['2 ♠', '7 ♣']",7 ♣,bot2,7
62,easy,medium,2,6 ♦,"['4 ♠', '6 ♣']",6 ♣,bot2,6
62,easy,medium,3,5 ♦,"['12 ♠', '5 ♣']",5 ♣,bot1,5
62,easy,medium,4,13 ♦,"['9 ♠', '13 ♣']",13 ♣,bot2,13
62,easy,medium,5,9 ♦,"['11 ♠', '9 ♣']",9 ♣,bot1,9
62,easy,medium,6,10 ♦,"['3 ♠', '10 ♣']",10 ♣,bot2,10
62,easy,medium,7,1 ♦,"['6 ♠', '1 ♣']",1 ♣,bot1,1
62,easy,medium,8,4 ♦,"['1 ♠', '4 ♣']",4 ♣,bot2,4
62,easy,medium,9,12 ♦,"['10 ♠', '12 ♣']",12 ♣,bot2,12
62,easy,medium,10,2 ♦,"['8 ♠', '2 ♣']",2 ♣,bot1,2
62,easy,medium,11,8 ♦,"['13 ♠', '8 ♣']",8 ♣,bot1,8
62,easy,medium,12,3 ♦,"['7 ♠', '3 ♣']",3 ♣,bot1,3
62,easy,medium,13,11 ♦,"['5 ♠', '11 ♣']",11 ♣,bot2,11

Game Number,62,Final Scores
bot1,28.0
bot2,63.0
Winner,bot2

63,easy,medium,1,11 ♦,"['9 ♠', '11 ♣']",11 ♣,bot2,11
63,easy,medium,2,12 ♦,"['1 ♠', '12 ♣']",12 ♣,bot2,12
63,easy,medium,3,2 ♦,"['7 ♠', '2 ♣']",2 ♣,bot1,2
63,easy,medium,4,10 ♦,"['12 ♠', '10 ♣']",10 ♣,bot1,10
63,easy,medium,5,13 ♦,"['2 ♠', '13 ♣']",13 ♣,bot2,13
63,easy,medium,6,1 ♦,"['4 ♠', '1 ♣']",1 ♣,bot1,1
63,easy,medium,7,9 ♦,"['6 ♠', '9 ♣']",9 ♣,bot2,9
63,easy,medium,8,5 ♦,"['13 ♠', '5 ♣']",5 ♣,bot1,5
63,easy,medium,9,6 ♦,"['5 ♠', '6 ♣']",6 ♣,bot2,6
63,easy,medium,10,4 ♦,"['8 ♠', '4 ♣']",4 ♣,bot1,4
63,easy,medium,11,3 ♦,"['3 ♠', '3 ♣']",3 ♣,"['bot1', 'bot2']",3
63,easy,medium,12,7 ♦,"['10 ♠', '7 ♣']",7 ♣,bot1,7
63,easy,medium,13,8 ♦,"['11 ♠', '8 ♣']",8 ♣,bot1,8

Game Number,63,Final Scores
bot1,38.5
bot2,52.5
Winner,bot2

64,easy,medium,1,2 ♦,"['1 ♠', '2 ♣']",2 ♣,bot2,2
64,easy,medium,2,7 ♦,"['12 ♠', '7 ♣']",7 ♣,bot1,7
64,easy,medium,3,6 ♦,"['11 ♠', '6 ♣']",6 ♣,bot1,6
64,easy,medium,4,1 ♦,"['8 ♠', '1 ♣']",1 ♣,bot1,1
64,easy,medium,5,5 ♦,"['3 ♠', '5 ♣']",5 ♣,bot2,5
64,easy,medium,6,12 ♦,"['7 ♠', '12 ♣']",12 ♣,bot2,12
64,easy,medium,7,9 ♦,"['13 ♠', '9 ♣']",9 ♣,bot1,9
64,easy,medium,8,13 ♦,"['9 ♠', '13 ♣']",13 ♣,bot2,13
64,easy,medium,9,3 ♦,"['6 ♠', '3 ♣']",3 ♣,bot1,3
64,easy,medium,10,8 ♦,"['10 ♠', '8 ♣']",8 ♣,bot1,8
64,easy,medium,11,10 ♦,"['4 ♠', '10 ♣']",10 ♣,bot2,10
64,easy,medium,12,4 ♦,"['2 ♠', '4 ♣']",4 ♣,bot2,4
64,easy,medium,13,11 ♦,"['5 ♠', '11 ♣']",11 ♣,bot2,11

Game Number,64,Final Scores
bot1,34.0
bot2,57.0
Winner,bot2

65,easy,medium,1,11 ♦,"['7 ♠', '11 ♣']",11 ♣,bot2,11
65,easy,medium,2,6 ♦,"['5 ♠', '6 ♣']",6 ♣,bot2,6
65,easy,medium,3,9 ♦,"['8 ♠', '9 ♣']",9 ♣,bot2,9
65,easy,medium,4,10 ♦,"['11 ♠', '10 ♣']",10 ♣,bot1,10
65,easy,medium,5,2 ♦,"['12 ♠', '2 ♣']",2 ♣,bot1,2
65,easy,medium,6,3 ♦,"['4 ♠', '3 ♣']",3 ♣,bot1,3
65,easy,medium,7,13 ♦,"['3 ♠', '13 ♣']",13 ♣,bot2,13
65,easy,medium,8,4 ♦,"['10 ♠', '4 ♣']",4 ♣,bot1,4
65,easy,medium,9,5 ♦,"['2 ♠', '5 ♣']",5 ♣,bot2,5
65,easy,medium,10,1 ♦,"['1 ♠', '1 ♣']",1 ♣,"['bot1', 'bot2']",1
65,easy,medium,11,12 ♦,"['13 ♠', '12 ♣']",12 ♣,bot1,12
65,easy,medium,12,7 ♦,"['6 ♠', '7 ♣']",7 ♣,bot2,7
65,easy,medium,13,8 ♦,"['9 ♠', '8 ♣']",8 ♣,bot1,8

Game Number,65,Final Scores
bot1,39.5
bot2,51.5
Winner,bot2

66,easy,medium,1,9 ♦,"['3 ♠', '9 ♣']",9 ♣,bot2,9
66,easy,medium,2,8 ♦,"['1 ♠', '8 ♣']",8 ♣,bot2,8
66,easy,medium,3,5 ♦,"['7 ♠', '5 ♣']",5 ♣,bot1,5
66,easy,medium,4,4 ♦,"['12 ♠', '4 ♣']",4 ♣,bot1,4
66,easy,medium,5,13 ♦,"['10 ♠', '13 ♣']",13 ♣,bot2,13
66,easy,medium,6,6 ♦,"['9 ♠', '6 ♣']",6 ♣,bot1,6
66,easy,medium,7,11 ♦,"['8 ♠', '11 ♣']",11 ♣,bot2,11
66,easy,medium,8,10 ♦,"['4 ♠', '10 ♣']",10 ♣,bot2,10
66,easy,medium,9,3 ♦,"['5 ♠', '3 ♣']",3 ♣,bot1,3
66,easy,medium,10,1 ♦,"['11 ♠', '1 ♣']",1 ♣,bot1,1
66,easy,medium,11,2 ♦,"['13 ♠', '2 ♣']",2 ♣,bot1,2
66,easy,medium,12,7 ♦,"['6 ♠', '7 ♣']",7 ♣,bot2,7
66,easy,medium,13,12 ♦,"['2 ♠', '12 ♣']",12 ♣,bot2,12

Game Number,66,Final Scores
bot1,21.0
bot2,70.0
Winner,bot2

67,easy,medium,1,12 ♦,"['8 ♠', '12 ♣']",12 ♣,bot2,12
67,easy,medium,2,8 ♦,"['11 ♠', '8 ♣']",8 ♣,bot1,8
67,easy,medium,3,6 ♦,"['12 ♠', '6 ♣']",6 ♣,bot1,6
67,easy,medium,4,10 ♦,"['1 ♠', '10 ♣']",10 ♣,bot2,10
67,easy,medium,5,2 ♦,"['3 ♠', '2 ♣']",2 ♣,bot1,2
67,easy,medium,6,13 ♦,"['10 ♠', '13 ♣']",13 ♣,bot2,13
67,easy,medium,7,7 ♦,"['6 ♠', '7 ♣']",7 ♣,bot2,7
67,easy,medium,8,9 ♦,"['2 ♠', '9 ♣']",9 ♣,bot2,9
67,easy,medium,9,5 ♦,"['9 ♠', '5 ♣']",5 ♣,bot1,5
67,easy,medium,10,1 ♦,"['4 ♠', '1 ♣']",1 ♣,bot1,1
67,easy,medium,11,11 ♦,"['13 ♠', '11 ♣']",11 ♣,bot1,11
67,easy,medium,12,4 ♦,"['7 ♠', '4 ♣']",4 ♣,bot1,4
67,easy,medium,13,3 ♦,"['5 ♠', '3 ♣']",3 ♣,bot1,3

Game Number,67,Final Scores
bot1,40.0
bot2,51.0
Winner,bot2

68,easy,medium,1,5 ♦,"['11 ♠', '5 ♣']",5 ♣,bot1,5
68,easy,medium,2,7 ♦,"['3 ♠', '7 ♣']",7 ♣,bot2,7
68,easy,medium,3,6 ♦,"['12 ♠', '6 ♣']",6 ♣,bot1,6
68,easy,medium,4,4 ♦,"['8 ♠', '4 ♣']",4 ♣,bot1,4
68,easy,medium,5,12 ♦,"['10 ♠', '12 ♣']",12 ♣,bot2,12
68,easy,medium,6,13 ♦,"['1 ♠', '13 ♣']",13 ♣,bot2,13
68,easy,medium,7,10 ♦,"['7 ♠', '10 ♣']",10 ♣,bot2,10
68,easy,medium,8,11 ♦,"['5 ♠', '11 ♣']",11 ♣,bot2,11
68,easy,medium,9,1 ♦,"['13 ♠', '1 ♣']",1 ♣,bot1,1
68,easy,medium,10,3 ♦,"['6 ♠', '3 ♣']",3 ♣,bot1,3
68,easy,medium,11,9 ♦,"['2 ♠', '9 ♣']",9 ♣,bot2,9
68,easy,medium,12,2 ♦,"['4 ♠', '2 ♣']",2 ♣,bot1,2
68,easy,medium,13,8 ♦,"['9 ♠', '8 ♣']",8 ♣,bot1,8

Game Number,68,Final Scores
bot1,29.0
bot2,62.0
Winner,bot2

69,easy,medium,1,4 ♦,"['8 ♠', '4 ♣']",4 ♣,bot1,4
69,easy,medium,2,3 ♦,"['10 ♠', '3 ♣']",3 ♣,bot1,3
69,easy,medium,3,9 ♦,"['1 ♠', '9 ♣']",9 ♣,bot2,9
69,easy,medium,4,8 ♦,"['9 ♠', '8 ♣']",8 ♣,bot1,8
69,easy,medium,5,13 ♦,"['4 ♠', '13 ♣']",13 ♣,bot2,13
69,easy,medium,6,12 ♦,"['6 ♠', '12 ♣']",12 ♣,bot2,12
69,easy,medium,7,10 ♦,"['3 ♠', '10 ♣']",10 ♣,bot2,10
69,easy,medium,8,1 ♦,"['5 ♠', '1 ♣']",1 ♣,bot1,1
69,easy,medium,9,11 ♦,"['11 ♠', '11 ♣']",11 ♣,"['bot1', 'bot2']",11
69,easy,medium,10,2 ♦,"['12 ♠', '2 ♣']",2 ♣,bot1,2
69,easy,medium,11,7 ♦,"['2 ♠', '7 ♣']",7 ♣,bot2,7
69,easy,medium,12,5 ♦,"['7 ♠', '5 ♣']",5 ♣,bot1,5
69,easy,medium,13,6 ♦,"['13 ♠', '6 ♣']",6 ♣,bot1,6

Game Number,69,Final Scores
bot1,34.5
bot2,56.5
Winner,bot2

70,easy,medium,1,4 ♦,"['6 ♠', '4 ♣']",4 ♣,bot1,4
70,easy,medium,2,5 ♦,"['10 ♠', '5 ♣']",5 ♣,bot1,5
70,easy,medium,3,1 ♦,"['8 ♠', '1 ♣']",1 ♣,bot1,1
70,easy,medium,4,10 ♦,"['1 ♠', '10 ♣']",10 ♣,bot2,10
70,easy,medium,5,11 ♦,"['11 ♠', '11 ♣']",11 ♣,"['bot1', 'bot2']",11
70,easy,medium,6,9 ♦,"['13 ♠', '9 ♣']",9 ♣,bot1,9
70,easy,medium,7,6 ♦,"['3 ♠', '6 ♣']",6 ♣,bot2,6
70,easy,medium,8,12 ♦,"['4 ♠', '12 ♣']",12 ♣,bot2,12
70,easy,medium,9,2 ♦,"['9 ♠', '2 ♣']",2 ♣,bot1,2
70,easy,medium,10,8 ♦,"['2 ♠', '8 ♣']",8 ♣,bot2,8
70,easy,medium,11,7 ♦,"['7 ♠', '7 ♣']",7 ♣,"['bot1', 'bot2']",7
70,easy,medium,12,3 ♦,"['5 ♠', '3 ♣']",3 ♣,bot1,3
70,easy,medium,13,13 ♦,"['12 ♠', '13 ♣']",13 ♣,bot2,13

Game Number,70,Final Scores
bot1,33.0
bot2,58.0
Winner,bot2

71,easy,medium,1,9 ♦,"['11 ♠', '9 ♣']",9 ♣,bot1,9
71,easy,medium,2,3 ♦,"['7 ♠', '3 ♣']",3 ♣,bot1,3
71,easy,medium,3,11 ♦,"['4 ♠', '11 ♣']",11 ♣,bot2,11
71,easy,medium,4,2 ♦,"['2 ♠', '2 ♣']",2 ♣,"['bot1', 'bot2']",2
71,easy,medium,5,4 ♦,"['10 ♠', '4 ♣']",4 ♣,bot1,4
71,easy,medium,6,7 ♦,"['12 ♠', '7 ♣']",7 ♣,bot1,7
71,easy,medium,7,1 ♦,"['6 ♠', '1 ♣']",1 ♣,bot1,1
71,easy,medium,8,10 ♦,"['5 ♠', '10 ♣']",10 ♣,bot2,10
71,easy,medium,9,12 ♦,"['3 ♠', '12 ♣']",12 ♣,bot2,12
71,easy,medium,10,8 ♦,"['13 ♠', '8 ♣']",8 ♣,bot1,8
71,easy,medium,11,6 ♦,"['9 ♠', '6 ♣']",6 ♣,bot1,6
71,easy,medium,12,5 ♦,"['8 ♠', '5 ♣']",5 ♣,bot1,5
71,easy,medium,13,13 ♦,"['1 ♠', '13 ♣']",13 ♣,bot2,13

Game Number,71,Final Scores
bot1,44.0
bot2,47.0
Winner,bot2

72,easy,medium,1,1 ♦,"['13 ♠', '1 ♣']",1 ♣,bot1,1
72,easy,medium,2,8 ♦,"['1 ♠', '8 ♣']",8 ♣,bot2,8
72,easy,medium,3,3 ♦,"['10 ♠', '3 ♣']",3 ♣,bot1,3
72,easy,medium,4,4 ♦,"['7 ♠', '4 ♣']",4 ♣,bot1,4
72,easy,medium,5,6 ♦,"['4 ♠', '6 ♣']",6 ♣,bot2,6
72,easy,medium,6,11 ♦,"['11 ♠', '11 ♣']",11 ♣,"['bot1', 'bot2']",11
72,easy,medium,7,9 ♦,"['3 ♠', '9 ♣']",9 ♣,bot2,9
72,easy,medium,8,5 ♦,"['12 ♠', '5 ♣']",5 ♣,bot1,5
72,easy,medium,9,10 ♦,"['5 ♠', '10 ♣']",10 ♣,bot2,10
72,easy,medium,10,7 ♦,"['8 ♠', '7 ♣']",7 ♣,bot1,7
72,easy,medium,11,13 ♦,"['2 ♠', '13 ♣']",13 ♣,bot2,13
72,easy,medium,12,12 ♦,"['9 ♠', '12 ♣']",12 ♣,bot2,12
72,easy,medium,13,2 ♦,"['6 ♠', '2 ♣']",2 ♣,bot1,2

Game Number,72,Final Scores
bot1,27.5
bot2,63.5
Winner,bot2

73,easy,medium,1,4 ♦,"['4 ♠', '4 ♣']",4 ♣,"['bot1', 'bot2']",4
73,easy,medium,2,12 ♦,"['2 ♠', '12 ♣']",12 ♣,bot2,12
73,easy,medium,3,1 ♦,"['10 ♠', '1 ♣']",1 ♣,bot1,1
73,easy,medium,4,7 ♦,"['8 ♠', '7 ♣']",7 ♣,bot1,7
73,easy,medium,5,2 ♦,"['9 ♠', '2 ♣']",2 ♣,bot1,2
73,easy,medium,6,11 ♦,"['13 ♠', '11 ♣']",11 ♣,bot1,11
73,easy,medium,7,6 ♦,"['6 ♠', '6 ♣']",6 ♣,"['bot1', 'bot2']",6
73,easy,medium,8,13 ♦,"['3 ♠', '13 ♣']",13 ♣,bot2,13
73,easy,medium,9,10 ♦,"['12 ♠', '10 ♣']",10 ♣,bot1,10
73,easy,medium,10,5 ♦,"['11 ♠', '5 ♣']",5 ♣,bot1,5
73,easy,medium,11,9 ♦,"['7 ♠', '9 ♣']",9 ♣,bot2,9
73,easy,medium,12,3 ♦,"['5 ♠', '3 ♣']",3 ♣,bot1,3
73,easy,medium,13,8 ♦,"['1 ♠', '8 ♣']",8 ♣,bot2,8

Game Number,73,Final Scores
bot1,44.0
bot2,47.0
Winner,bot2

74,easy,medium,1,4 ♦,"['7 ♠', '4 ♣']",4 ♣,bot1,4
74,easy,medium,2,10 ♦,"['12 ♠', '10 ♣']",10 ♣,bot1,10
74,easy,medium,3,3 ♦,"['3 ♠', '3 ♣']",3 ♣,"['bot1', 'bot2']",3
74,easy,medium,4,11 ♦,"['13 ♠', '11 ♣']",11 ♣,bot1,11
74,easy,medium,5,1 ♦,"['11 ♠', '1 ♣']",1 ♣,bot1,1
74,easy,medium,6,7 ♦,"['9 ♠', '7 ♣']",7 ♣,bot1,7
74,easy,medium,7,12 ♦,"['2 ♠', '12 ♣']",12 ♣,bot2,12
74,easy,medium,8,5 ♦,"['6 ♠', '5 ♣']",5 ♣,bot1,5
74,easy,medium,9,13 ♦,"['5 ♠', '13 ♣']",13 ♣,bot2,13
74,easy,medium,10,2 ♦,"['4 ♠', '2 ♣']",2 ♣,bot1,2
74,easy,medium,11,9 ♦,"['8 ♠', '9 ♣']",9 ♣,bot2,9
74,easy,medium,12,6 ♦,"['10 ♠', '6 ♣']",6 ♣,bot1,6
74,easy,medium,13,8 ♦,"['1 ♠', '8 ♣']",8 ♣,bot2,8

Game Number,74,Final Scores
bot1,47.5
bot2,43.5
Winner,bot1

75,easy,medium,1,6 ♦,"['5 ♠', '6 ♣']",6 ♣,bot2,6
75,easy,medium,2,1 ♦,"['9 ♠', '1 ♣']",1 ♣,bot1,1
75,easy,medium,3,5 ♦,"['6 ♠', '5 ♣']",5 ♣,bot1,5
75,easy,medium,4,13 ♦,"['3 ♠', '13 ♣']",13 ♣,bot2,13
75,easy,medium,5,7 ♦,"['13 ♠', '7 ♣']",7 ♣,bot1,7
75,easy,medium,6,11 ♦,"['4 ♠', '11 ♣']",11 ♣,bot2,11
75,easy,medium,7,12 ♦,"['1 ♠', '12 ♣']",12 ♣,bot2,12
75,easy,medium,8,9 ♦,"['7 ♠', '9 ♣']",9 ♣,bot2,9
75,easy,medium,9,3 ♦,"['8 ♠', '3 ♣']",3 ♣,bot1,3
75,easy,medium,10,2 ♦,"['2 ♠', '2 ♣']",2 ♣,"['bot1', 'bot2']",2
75,easy,medium,11,10 ♦,"['12 ♠', '10 ♣']",10 ♣,bot1,10
75,easy,medium,12,8 ♦,"['11 ♠', '8 ♣']",8 ♣,bot1,8
75,easy,medium,13,4 ♦,"['10 ♠', '4 ♣']",4 ♣,bot1,4

Game Number,75,Final Scores
bot1,39.0
bot2,52.0
Winner,bot2

76,easy,medium,1,7 ♦,"['13 ♠', '7 ♣']",7 ♣,bot1,7
76,easy,medium,2,2 ♦,"['10 ♠', '2 ♣']",2 ♣,bot1,2
76,easy,medium,3,6 ♦,"['7 ♠', '6 ♣']",6 ♣,bot1,6
76,easy,medium,4,13 ♦,"['8 ♠', '13 ♣']",13 ♣,bot2,13
76,easy,medium,5,8 ♦,"['6 ♠', '8 ♣']",8 ♣,bot2,8
76,easy,medium,6,10 ♦,"['4 ♠', '10 ♣']",10 ♣,bot2,10
76,easy,medium,7,3 ♦,"['9 ♠', '3 ♣']",3 ♣,bot1,3
76,easy,medium,8,11 ♦,"['5 ♠', '11 ♣']",11 ♣,bot2,11
76,easy,medium,9,1 ♦,"['3 ♠', '1 ♣']",1 ♣,bot1,1
76,easy,medium,10,9 ♦,"['2 ♠', '9 ♣']",9 ♣,bot2,9
76,easy,medium,11,12 ♦,"['1 ♠', '12 ♣']",12 ♣,bot2,12
76,easy,medium,12,4 ♦,"['11 ♠', '4 ♣']",4 ♣,bot1,4
76,easy,medium,13,5 ♦,"['12 ♠', '5 ♣']",5 ♣,bot1,5

Game Number,76,Final Scores
bot1,28.0
bot2,63.0
Winner,bot2

77,easy,medium,1,8 ♦,"['6 ♠', '8 ♣']",8 ♣,bot2,8
77,easy,medium,2,6 ♦,"['10 ♠', '6 ♣']",6 ♣,bot1,6
77,easy,medium,3,9 ♦,"['8 ♠', '9 ♣']",9 ♣,bot2,9
77,easy,medium,4,7 ♦,"['5 ♠', '7 ♣']",7 ♣,bot2,7
77,easy,medium,5,4 ♦,"['11 ♠', '4 ♣']",4 ♣,bot1,4
77,easy,medium,6,12 ♦,"['1 ♠', '12 ♣']",12 ♣,bot2,12
77,easy,medium,7,10 ♦,"['7 ♠', '10 ♣']",10 ♣,bot2,10
77,easy,medium,8,3 ♦,"['9 ♠', '3 ♣']",3 ♣,bot1,3
77,easy,medium,9,1 ♦,"['13 ♠', '1 ♣']",1 ♣,bot1,1
77,easy,medium,10,13 ♦,"['12 ♠', '13 ♣']",13 ♣,bot2,13
77,easy,medium,11,5 ♦,"['3 ♠', '5 ♣']",5 ♣,bot2,5
77,easy,medium,12,2 ♦,"['4 ♠', '2 ♣']",2 ♣,bot1,2
77,easy,medium,13,11 ♦,"['2 ♠', '11 ♣']",11 ♣,bot2,11

Game Number,77,Final Scores
bot1,16.0
bot2,75.0
Winner,bot2

78,easy,medium,1,9 ♦,"['2 ♠', '9 ♣']",9 ♣,bot2,9
78,easy,medium,2,13 ♦,"['13 ♠', '13 ♣']",13 ♣,"['bot1', 'bot2']",13
78,easy,medium,3,3 ♦,"['4 ♠', '3 ♣']",3 ♣,bot1,3
78,easy,medium,4,8 ♦,"['7 ♠', '8 ♣']",8 ♣,bot2,8
78,easy,medium,5,6 ♦,"['12 ♠', '6 ♣']",6 ♣,bot1,6
78,easy,medium,6,7 ♦,"['9 ♠', '7 ♣']",7 ♣,bot1,7
78,easy,medium,7,11 ♦,"['1 ♠', '11 ♣']",11 ♣,bot2,11
78,easy,medium,8,10 ♦,"['10 ♠', '10 ♣']",10 ♣,"['bot1', 'bot2']",10
78,easy,medium,9,12 ♦,"['6 ♠', '12 ♣']",12 ♣,bot2,12
78,easy,medium,10,1 ♦,"['5 ♠', '1 ♣']",1 ♣,bot1,1
78,easy,medium,11,2 ♦,"['11 ♠', '2 ♣']",2 ♣,bot1,2
78,easy,medium,12,4 ♦,"['3 ♠', '4 ♣']",4 ♣,bot2,4
78,easy,medium,13,5 ♦,"['8 ♠', '5 ♣']",5 ♣,bot1,5

Game Number,78,Final Scores
bot1,35.5
bot2,55.5
Winner,bot2

79,easy,medium,1,2 ♦,"['11 ♠', '2 ♣']",2 ♣,bot1,2
79,easy,medium,2,4 ♦,"['4 ♠', '4 ♣']",4 ♣,"['bot1', 'bot2']",4
79,easy,medium,3,6 ♦,"['13 ♠', '6 ♣']",6 ♣,bot1,6
79,easy,medium,4,9 ♦,"['10 ♠', '9 ♣']",9 ♣,bot1,9
79,easy,medium,5,8 ♦,"['1 ♠', '8 ♣']",8 ♣,bot2,8
79,easy,medium,6,7 ♦,"['8 ♠', '7 ♣']",7 ♣,bot1,7
79,easy,medium,7,10 ♦,"['6 ♠', '10 ♣']",10 ♣,bot2,10
79,easy,medium,8,13 ♦,"['12 ♠', '13 ♣']",13 ♣,bot2,13
79,easy,medium,9,5 ♦,"['2 ♠', '5 ♣']",5 ♣,bot2,5
79,easy,medium,10,3 ♦,"['3 ♠', '3 ♣']",3 ♣,"['bot1', 'bot2']",3
79,easy,medium,11,1 ♦,"['9 ♠', '1 ♣']",1 ♣,bot1,1
79,easy,medium,12,12 ♦,"['7 ♠', '12 ♣']",12 ♣,bot2,12
79,easy,medium,13,11 ♦,"['5 ♠', '11 ♣']",11 ♣,bot2,11

Game Number,79,Final Scores
bot1,28.5
bot2,62.5
Winner,bot2

80,easy,medium,1,3 ♦,"['2 ♠', '3 ♣']",3 ♣,bot2,3
80,easy,medium,2,4 ♦,"['8 ♠', '4 ♣']",4 ♣,bot1,4
80,easy,medium,3,9 ♦,"['9 ♠', '9 ♣']",9 ♣,"['bot1', 'bot2']",9
80,easy,medium,4,11 ♦,"['7 ♠', '11 ♣']",11 ♣,bot2,11
80,easy,medium,5,1 ♦,"['4 ♠', '1 ♣']",1 ♣,bot1,1
80,easy,medium,6,10 ♦,"['3 ♠', '10 ♣']",10 ♣,bot2,10
80,easy,medium,7,5 ♦,"['13 ♠', '5 ♣']",5 ♣,bot1,5
80,easy,medium,8,8 ♦,"['11 ♠', '8 ♣']",8 ♣,bot1,8
80,easy,medium,9,13 ♦,"['10 ♠', '13 ♣']",13 ♣,bot2,13
80,easy,medium,10,7 ♦,"['1 ♠', '7 ♣']",7 ♣,bot2,7
80,easy,medium,11,12 ♦,"['5 ♠', '12 ♣']",12 ♣,bot2,12
80,easy,medium,12,2 ♦,"['6 ♠', '2 ♣']",2 ♣,bot1,2
80,easy,medium,13,6 ♦,"['12 ♠', '6 ♣']",6 ♣,bot1,6

Game Number,80,Final Scores
bot1,30.5
bot2,60.5
Winner,bot2

81,easy,medium,1,11 ♦,"['5 ♠', '11 ♣']",11 ♣,bot2,11
81,easy,medium,2,2 ♦,"['8 ♠', '2 ♣']",2 ♣,bot1,2
81,easy,medium,3,8 ♦,"['11 ♠', '8 ♣']",8 ♣,bot1,8
81,easy,medium,4,13 ♦,"['12 ♠', '13 ♣']",13 ♣,bot2,13
81,easy,medium,5,9 ♦,"['7 ♠', '9 ♣']",9 ♣,bot2,9
81,easy,medium,6,6 ♦,"['1 ♠', '6 ♣']",6 ♣,bot2,6
81,easy,medium,7,7 ♦,"['3 ♠', '7 ♣']",7 ♣,bot2,7
81,easy,medium,8,1 ♦,"['6 ♠', '1 ♣']",1 ♣,bot1,1
81,easy,medium,9,12 ♦,"['13 ♠', '12 ♣']",12 ♣,bot1,12
81,easy,medium,10,10 ♦,"['10 ♠', '10 ♣']",10 ♣,"['bot1', 'bot2']",10
81,easy,medium,11,3 ♦,"['2 ♠', '3 ♣']",3 ♣,bot2,3
81,easy,medium,12,5 ♦,"['9 ♠', '5 ♣']",5 ♣,bot1,5
81,easy,medium,13,4 ♦,"['4 ♠', '4 ♣']",4 ♣,"['bot1', 'bot2']",4

Game Number,81,Final Scores
bot1,35.0
bot2,56.0
Winner,bot2

82,easy,medium,1,12 ♦,"['1 ♠', '12 ♣']",12 ♣,bot2,12
82,easy,medium,2,5 ♦,"['7 ♠', '5 ♣']",5 ♣,bot1,5
82,easy,medium,3,6 ♦,"['10 ♠', '6 ♣']",6 ♣,bot1,6
82,easy,medium,4,7 ♦,"['9 ♠', '7 ♣']",7 ♣,bot1,7
82,easy,medium,5,9 ♦,"['12 ♠', '9 ♣']",9 ♣,bot1,9
82,easy,medium,6,4 ♦,"['4 ♠', '4 ♣']",4 ♣,"['bot1', 'bot2']",4
82,easy,medium,7,10 ♦,"['13 ♠', '10 ♣']",10 ♣,bot1,10
82,easy,medium,8,8 ♦,"['3 ♠', '8 ♣']",8 ♣,bot2,8
82,easy,medium,9,1 ♦,"['8 ♠', '1 ♣']",1 ♣,bot1,1
82,easy,medium,10,3 ♦,"['11 ♠', '3 ♣']",3 ♣,bot1,3
82,easy,medium,11,2 ♦,"['5 ♠', '2 ♣']",2 ♣,bot1,2
82,easy,medium,12,11 ♦,"['2 ♠', '11 ♣']",11 ♣,bot2,11
82,easy,medium,13,13 ♦,"['6 ♠', '13 ♣']",13 ♣,bot2,13

Game Number,82,Final Scores
bot1,45.0
bot2,46.0
Winner,bot2

83,easy,medium,1,6 ♦,"['3 ♠', '6 ♣']",6 ♣,bot2,6
83,easy,medium,2,3 ♦,"['7 ♠', '3 ♣']",3 ♣,bot1,3
83,easy,medium,3,11 ♦,"['10 ♠', '11 ♣']",11 ♣,bot2,11
83,easy,medium,4,12 ♦,"['9 ♠', '12 ♣']",12 ♣,bot2,12
83,easy,medium,5,13 ♦,"['11 ♠', '13 ♣']",13 ♣,bot2,13
83,easy,medium,6,10 ♦,"['13 ♠', '10 ♣']",10 ♣,bot1,10
83,easy,medium,7,1 ♦,"['1 ♠', '1 ♣']",1 ♣,"['bot1', 'bot2']",1
83,easy,medium,8,7 ♦,"['8 ♠', '7 ♣']",7 ♣,bot1,7
83,easy,medium,9,2 ♦,"['5 ♠', '2 ♣']",2 ♣,bot1,2
83,easy,medium,10,8 ♦,"['4 ♠', '8 ♣']",8 ♣,bot2,8
83,easy,medium,11,9 ♦,"['2 ♠', '9 ♣']",9 ♣,bot2,9
83,easy,medium,12,4 ♦,"['6 ♠', '4 ♣']",4 ♣,bot1,4
83,easy,medium,13,5 ♦,"['12 ♠', '5 ♣']",5 ♣,bot1,5

Game Number,83,Final Scores
bot1,31.5
bot2,59.5
Winner,bot2

84,easy,medium,1,11 ♦,"['10 ♠', '11 ♣']",11 ♣,bot2,11
84,easy,medium,2,10 ♦,"['4 ♠', '10 ♣']",10 ♣,bot2,10
84,easy,medium,3,9 ♦,"['1 ♠', '9 ♣']",9 ♣,bot2,9
84,easy,medium,4,5 ♦,"['12 ♠', '5 ♣']",5 ♣,bot1,5
84,easy,medium,5,3 ♦,"['11 ♠', '3 ♣']",3 ♣,bot1,3
84,easy,medium,6,1 ♦,"['8 ♠', '1 ♣']",1 ♣,bot1,1
84,easy,medium,7,12 ♦,"['5 ♠', '12 ♣']",12 ♣,bot2,12
84,easy,medium,8,6 ♦,"['9 ♠', '6 ♣']",6 ♣,bot1,6
84,easy,medium,9,7 ♦,"['6 ♠', '7 ♣']",7 ♣,bot2,7
84,easy,medium,10,2 ♦,"['13 ♠', '2 ♣']",2 ♣,bot1,2
84,easy,medium,11,4 ♦,"['2 ♠', '4 ♣']",4 ♣,bot2,4
84,easy,medium,12,8 ♦,"['3 ♠', '8 ♣']",8 ♣,bot2,8
84,easy,medium,13,13 ♦,"['7 ♠', '13 ♣']",13 ♣,bot2,13

Game Number,84,Final Scores
bot1,17.0
bot2,74.0
Winner,bot2

85,easy,medium,1,5 ♦,"['1 ♠', '5 ♣']",5 ♣,bot2,5
85,easy,medium,2,8 ♦,"['12 ♠', '8 ♣']",8 ♣,bot1,8
85,easy,medium,3,2 ♦,"['4 ♠', '2 ♣']",2 ♣,bot1,2
85,easy,medium,4,4 ♦,"['13 ♠', '4 ♣']",4 ♣,bot1,4
85,easy,medium,5,11 ♦,"['6 ♠', '11 ♣']",11 ♣,bot2,11
85,easy,medium,6,1 ♦,"['7 ♠', '1 ♣']",1 ♣,bot1,1
85,easy,medium,7,13 ♦,"['10 ♠', '13 ♣']",13 ♣,bot2,13
85,easy,medium,8,3 ♦,"['5 ♠', '3 ♣']",3 ♣,bot1,3
85,easy,medium,9,7 ♦,"['9 ♠', '7 ♣']",7 ♣,bot1,7
85,easy,medium,10,10 ♦,"['2 ♠', '10 ♣']",10 ♣,bot2,10
85,easy,medium,11,6 ♦,"['8 ♠', '6 ♣']",6 ♣,bot1,6
85,easy,medium,12,12 ♦,"['11 ♠', '12 ♣']",12 ♣,bot2,12
85,easy,medium,13,9 ♦,"['3 ♠', '9 ♣']",9 ♣,bot2,9

Game Number,85,Final Scores
bot1,31.0
bot2,60.0
Winner,bot2

86,easy,medium,1,5 ♦,"['4 ♠', '5 ♣']",5 ♣,bot2,5
86,easy,medium,2,8 ♦,"['2 ♠', '8 ♣']",8 ♣,bot2,8
86,easy,medium,3,1 ♦,"['13 ♠', '1 ♣']",1 ♣,bot1,1
86,easy,medium,4,9 ♦,"['3 ♠', '9 ♣']",9 ♣,bot2,9
86,easy,medium,5,7 ♦,"['6 ♠', '7 ♣']",7 ♣,bot2,7
86,easy,medium,6,6 ♦,"['1 ♠', '6 ♣']",6 ♣,bot2,6
86,easy,medium,7,13 ♦,"['5 ♠', '13 ♣']",13 ♣,bot2,13
86,easy,medium,8,10 ♦,"['12 ♠', '10 ♣']",10 ♣,bot1,10
86,easy,medium,9,11 ♦,"['9 ♠', '11 ♣']",11 ♣,bot2,11
86,easy,medium,10,3 ♦,"['8 ♠', '3 ♣']",3 ♣,bot1,3
86,easy,medium,11,2 ♦,"['7 ♠', '2 ♣']",2 ♣,bot1,2
86,easy,medium,12,4 ♦,"['10 ♠', '4 ♣']",4 ♣,bot1,4
86,easy,medium,13,12 ♦,"['11 ♠', '12 ♣']",12 ♣,bot2,12

Game Number,86,Final Scores
bot1,20.0
bot2,71.0
Winner,bot2

87,easy,medium,1,8 ♦,"['10 ♠', '8 ♣']",8 ♣,bot1,8
87,easy,medium,2,5 ♦,"['11 ♠', '5 ♣']",5 ♣,bot1,5
87,easy,medium,3,10 ♦,"['13 ♠', '10 ♣']",10 ♣,bot1,10
87,easy,medium,4,9 ♦,"['2 ♠', '9 ♣']",9 ♣,bot2,9
87,easy,medium,5,6 ♦,"['8 ♠', '6 ♣']",6 ♣,bot1,6
87,easy,medium,6,7 ♦,"['5 ♠', '7 ♣']",7 ♣,bot2,7
87,easy,medium,7,1 ♦,"['6 ♠', '1 ♣']",1 ♣,bot1,1
87,easy,medium,8,2 ♦,"['9 ♠', '2 ♣']",2 ♣,bot1,2
87,easy,medium,9,12 ♦,"['12 ♠', '12 ♣']",12 ♣,"['bot1', 'bot2']",12
87,easy,medium,10,11 ♦,"['4 ♠', '11 ♣']",11 ♣,bot2,11
87,easy,medium,11,13 ♦,"['3 ♠', '13 ♣']",13 ♣,bot2,13
87,easy,medium,12,4 ♦,"['7 ♠', '4 ♣']",4 ♣,bot1,4
87,easy,medium,13,3 ♦,"['1 ♠', '3 ♣']",3 ♣,bot2,3

Game Number,87,Final Scores
bot1,42.0
bot2,49.0
Winner,bot2

88,easy,medium,1,3 ♦,"['12 ♠', '3 ♣']",3 ♣,bot1,3
88,easy,medium,2,4 ♦,"['11 ♠', '4 ♣']",4 ♣,bot1,4
88,easy,medium,3,13 ♦,"['3 ♠', '13 ♣']",13 ♣,bot2,13
88,easy,medium,4,1 ♦,"['7 ♠', '1 ♣']",1 ♣,bot1,1
88,easy,medium,5,10 ♦,"['9 ♠', '10 ♣']",10 ♣,bot2,10
88,easy,medium,6,9 ♦,"['5 ♠', '9 ♣']",9 ♣,bot2,9
88,easy,medium,7,5 ♦,"['8 ♠', '5 ♣']",5 ♣,bot1,5
88,easy,medium,8,12 ♦,"['13 ♠', '12 ♣']",12 ♣,bot1,12
88,easy,medium,9,6 ♦,"['4 ♠', '6 ♣']",6 ♣,bot2,6
88,easy,medium,10,8 ♦,"['2 ♠', '8 ♣']",8 ♣,bot2,8
88,easy,medium,11,7 ♦,"['10 ♠', '7 ♣']",7 ♣,bot1,7
88,easy,medium,12,2 ♦,"['6 ♠', '2 ♣']",2 ♣,bot1,2
88,easy,medium,13,11 ♦,"['1 ♠', '11 ♣']",11 ♣,bot2,11

Game Number,88,Final Scores
bot1,34.0
bot2,57.0
Winner,bot2

89,easy,medium,1,7 ♦,"['6 ♠', '7 ♣']",7 ♣,bot2,7
89,easy,medium,2,10 ♦,"['5 ♠', '10 ♣']",10 ♣,bot2,10
89,easy,medium,3,9 ♦,"['10 ♠', '9 ♣']",9 ♣,bot1,9
89,easy,medium,4,6 ♦,"['3 ♠', '6 ♣']",6 ♣,bot2,6
89,easy,medium,5,11 ♦,"['4 ♠', '11 ♣']",11 ♣,bot2,11
89,easy,medium,6,13 ♦,"['11 ♠', '13 ♣']",13 ♣,bot2,13
89,easy,medium,7,1 ♦,"['13 ♠', '1 ♣']",1 ♣,bot1,1
89,easy,medium,8,8 ♦,"['8 ♠', '8 ♣']",8 ♣,"['bot1', 'bot2']",8
89,easy,medium,9,2 ♦,"['9 ♠', '2 ♣']",2 ♣,bot1,2
89,easy,medium,10,5 ♦,"['7 ♠', '5 ♣']",5 ♣,bot1,5
89,easy,medium,11,12 ♦,"['12 ♠', '12 ♣']",12 ♣,"['bot1', 'bot2']",12
89,easy,medium,12,3 ♦,"['1 ♠', '3 ♣']",3 ♣,bot2,3
89,easy,medium,13,4 ♦,"['2 ♠', '4 ♣']",4 ♣,bot2,4

Game Number,89,Final Scores
bot1,27.0
bot2,64.0
Winner,bot2

90,easy,medium,1,7 ♦,"['10 ♠', '7 ♣']",7 ♣,bot1,7
90,easy,medium,2,9 ♦,"['11 ♠', '9 ♣']",9 ♣,bot1,9
90,easy,medium,3,5 ♦,"['13 ♠', '5 ♣']",5 ♣,bot1,5
90,easy,medium,4,11 ♦,"['5 ♠', '11 ♣']",11 ♣,bot2,11
90,easy,medium,5,1 ♦,"['4 ♠', '1 ♣']",1 ♣,bot1,1
90,easy,medium,6,3 ♦,"['12 ♠', '3 ♣']",3 ♣,bot1,3
90,easy,medium,7,4 ♦,"['6 ♠', '4 ♣']",4 ♣,bot1,4
90,easy,medium,8,10 ♦,"['1 ♠', '10 ♣']",10 ♣,bot2,10
90,easy,medium,9,13 ♦,"['9 ♠', '13 ♣']",13 ♣,bot2,13
90,easy,medium,10,6 ♦,"['2 ♠', '6 ♣']",6 ♣,bot2,6
90,easy,medium,11,8 ♦,"['3 ♠', '8 ♣']",8 ♣,bot2,8
90,easy,medium,12,2 ♦,"['8 ♠', '2 ♣']",2 ♣,bot1,2
90,easy,medium,13,12 ♦,"['7 ♠', '12 ♣']",12 ♣,bot2,12

Game Number,90,Final Scores
bot1,31.0
bot2,60.0
Winner,bot2

91,easy,medium,1,10 ♦,"['1 ♠', '10 ♣']",10 ♣,bot2,10
91,easy,medium,2,13 ♦,"['2 ♠', '13 ♣']",13 ♣,bot2,13
91,easy,medium,3,4 ♦,"['13 ♠', '4 ♣']",4 ♣,bot1,4
91,easy,medium,4,11 ♦,"['6 ♠', '11 ♣']",11 ♣,bot2,11
91,easy,medium,5,6 ♦,"['8 ♠', '6 ♣']",6 ♣,bot1,6
91,easy,medium,6,7 ♦,"['5 ♠', '7 ♣']",7 ♣,bot2,7
91,easy,medium,7,2 ♦,"['4 ♠', '2 ♣']",2 ♣,bot1,2
91,easy,medium,8,3 ♦,"['12 ♠', '3 ♣']",3 ♣,bot1,3
91,easy,medium,9,8 ♦,"['3 ♠', '8 ♣']",8 ♣,bot2,8
91,easy,medium,10,12 ♦,"['9 ♠', '12 ♣']",12 ♣,bot2,12
91,easy,medium,11,9 ♦,"['11 ♠', '9 ♣']",9 ♣,bot1,9
91,easy,medium,12,1 ♦,"['7 ♠', '1 ♣']",1 ♣,bot1,1
91,easy,medium,13,5 ♦,"['10 ♠', '5 ♣']",5 ♣,bot1,5

Game Number,91,Final Scores
bot1,30.0
bot2,61.0
Winner,bot2

92,easy,medium,1,9 ♦,"['6 ♠', '9 ♣']",9 ♣,bot2,9
92,easy,medium,2,3 ♦,"['2 ♠', '3 ♣']",3 ♣,bot2,3
92,easy,medium,3,2 ♦,"['9 ♠', '2 ♣']",2 ♣,bot1,2
92,easy,medium,4,1 ♦,"['8 ♠', '1 ♣']",1 ♣,bot1,1
92,easy,medium,5,8 ♦,"['12 ♠', '8 ♣']",8 ♣,bot1,8
92,easy,medium,6,11 ♦,"['3 ♠', '11 ♣']",11 ♣,bot2,11
92,easy,medium,7,6 ♦,"['13 ♠', '6 ♣']",6 ♣,bot1,6
92,easy,medium,8,13 ♦,"['7 ♠', '13 ♣']",13 ♣,bot2,13
92,easy,medium,9,12 ♦,"['1 ♠', '12 ♣']",12 ♣,bot2,12
92,easy,medium,10,5 ♦,"['4 ♠', '5 ♣']",5 ♣,bot2,5
92,easy,medium,11,4 ♦,"['10 ♠', '4 ♣']",4 ♣,bot1,4
92,easy,medium,12,7 ♦,"['5 ♠', '7 ♣']",7 ♣,bot2,7
92,easy,medium,13,10 ♦,"['11 ♠', '10 ♣']",10 ♣,bot1,10

Game Number,92,Final Scores
bot1,31.0
bot2,60.0
Winner,bot2

93,easy,medium,1,1 ♦,"['7 ♠', '1 ♣']",1 ♣,bot1,1
93,easy,medium,2,3 ♦,"['2 ♠', '3 ♣']",3 ♣,bot2,3
93,easy,medium,3,11 ♦,"['11 ♠', '11 ♣']",11 ♣,"['bot1', 'bot2']",11
93,easy,medium,4,13 ♦,"['12 ♠', '13 ♣']",13 ♣,bot2,13
93,easy,medium,5,5 ♦,"['9 ♠', '5 ♣']",5 ♣,bot1,5
93,easy,medium,6,9 ♦,"['13 ♠', '9 ♣']",9 ♣,bot1,9
93,easy,medium,7,7 ♦,"['3 ♠', '7 ♣']",7 ♣,bot2,7
93,easy,medium,8,2 ♦,"['6 ♠', '2 ♣']",2 ♣,bot1,2
93,easy,medium,9,4 ♦,"['10 ♠', '4 ♣']",4 ♣,bot1,4
93,easy,medium,10,12 ♦,"['5 ♠', '12 ♣']",12 ♣,bot2,12
93,easy,medium,11,8 ♦,"['1 ♠', '8 ♣']",8 ♣,bot2,8
93,easy,medium,12,10 ♦,"['8 ♠', '10 ♣']",10 ♣,bot2,10
93,easy,medium,13,6 ♦,"['4 ♠', '6 ♣']",6 ♣,bot2,6

Game Number,93,Final Scores
bot1,26.5
bot2,64.5
Winner,bot2

94,easy,medium,1,8 ♦,"['1 ♠', '8 ♣']",8 ♣,bot2,8
94,easy,medium,2,4 ♦,"['12 ♠', '4 ♣']",4 ♣,bot1,4
94,easy,medium,3,1 ♦,"['9 ♠', '1 ♣']",1 ♣,bot1,1
94,easy,medium,4,12 ♦,"['7 ♠', '12 ♣']",12 ♣,bot2,12
94,easy,medium,5,5 ♦,"['6 ♠', '5 ♣']",5 ♣,bot1,5
94,easy,medium,6,6 ♦,"['8 ♠', '6 ♣']",6 ♣,bot1,6
94,easy,medium,7,2 ♦,"['4 ♠', '2 ♣']",2 ♣,bot1,2
94,easy,medium,8,10 ♦,"['10 ♠', '10 ♣']",10 ♣,"['bot1', 'bot2']",10
94,easy,medium,9,3 ♦,"['2 ♠', '3 ♣']",3 ♣,bot2,3
94,easy,medium,10,13 ♦,"['3 ♠', '13 ♣']",13 ♣,bot2,13
94,easy,medium,11,9 ♦,"['11 ♠', '9 ♣']",9 ♣,bot1,9
94,easy,medium,12,11 ♦,"['5 ♠', '11 ♣']",11 ♣,bot2,11
94,easy,medium,13,7 ♦,"['13 ♠', '7 ♣']",7 ♣,bot1,7

Game Number,94,Final Scores
bot1,39.0
bot2,52.0
Winner,bot2

95,easy,medium,1,1 ♦,"['10 ♠', '1 ♣']",1 ♣,bot1,1
95,easy,medium,2,4 ♦,"['2 ♠', '4 ♣']",4 ♣,bot2,4
95,easy,medium,3,13 ♦,"['3 ♠', '13 ♣']",13 ♣,bot2,13
95,easy,medium,4,9 ♦,"['11 ♠', '9 ♣']",9 ♣,bot1,9
95,easy,medium,5,12 ♦,"['4 ♠', '12 ♣']",12 ♣,bot2,12
95,easy,medium,6,7 ♦,"['1 ♠', '7 ♣']",7 ♣,bot2,7
95,easy,medium,7,2 ♦,"['12 ♠', '2 ♣']",2 ♣,bot1,2
95,easy,medium,8,5 ♦,"['13 ♠', '5 ♣']",5 ♣,bot1,5
95,easy,medium,9,6 ♦,"['6 ♠', '6 ♣']",6 ♣,"['bot1', 'bot2']",6
95,easy,medium,10,10 ♦,"['9 ♠', '10 ♣']",10 ♣,bot2,10
95,easy,medium,11,8 ♦,"['5 ♠', '8 ♣']",8 ♣,bot2,8
95,easy,medium,12,11 ♦,"['8 ♠', '11 ♣']",11 ♣,bot2,11
95,easy,medium,13,3 ♦,"['7 ♠', '3 ♣']",3 ♣,bot1,3

Game Number,95,Final Scores
bot1,23.0
bot2,68.0
Winner,bot2

96,easy,medium,1,4 ♦,"['9 ♠', '4 ♣']",4 ♣,bot1,4
96,easy,medium,2,2 ♦,"['7 ♠', '2 ♣']",2 ♣,bot1,2
96,easy,medium,3,1 ♦,"['13 ♠', '1 ♣']",1 ♣,bot1,1
96,easy,medium,4,12 ♦,"['12 ♠', '12 ♣']",12 ♣,"['bot1', 'bot2']",12
96,easy,medium,5,9 ♦,"['10 ♠', '9 ♣']",9 ♣,bot1,9
96,easy,medium,6,5 ♦,"['6 ♠', '5 ♣']",5 ♣,bot1,5
96,easy,medium,7,13 ♦,"['8 ♠', '13 ♣']",13 ♣,bot2,13
96,easy,medium,8,10 ♦,"['5 ♠', '10 ♣']",10 ♣,bot2,10
96,easy,medium,9,11 ♦,"['1 ♠', '11 ♣']",11 ♣,bot2,11
96,easy,medium,10,6 ♦,"['4 ♠', '6 ♣']",6 ♣,bot2,6
96,easy,medium,11,8 ♦,"['2 ♠', '8 ♣']",8 ♣,bot2,8
96,easy,medium,12,3 ♦,"['3 ♠', '3 ♣']",3 ♣,"['bot1', 'bot2']",3
96,easy,medium,13,7 ♦,"['11 ♠', '7 ♣']",7 ♣,bot1,7

Game Number,96,Final Scores
bot1,35.5
bot2,55.5
Winner,bot2

97,easy,medium,1,6 ♦,"['5 ♠', '6 ♣']",6 ♣,bot2,6
97,easy,medium,2,9 ♦,"['6 ♠', '9 ♣']",9 ♣,bot2,9
97,easy,medium,3,10 ♦,"['7 ♠', '10 ♣']",10 ♣,bot2,10
97,easy,medium,4,1 ♦,"['13 ♠', '1 ♣']",1 ♣,bot1,1
97,easy,medium,5,7 ♦,"['11 ♠', '7 ♣']",7 ♣,bot1,7
97,easy,medium,6,8 ♦,"['4 ♠', '8 ♣']",8 ♣,bot2,8
97,easy,medium,7,12 ♦,"['12 ♠', '12 ♣']",12 ♣,"['bot1', 'bot2']",12
97,easy,medium,8,5 ♦,"['8 ♠', '5 ♣']",5 ♣,bot1,5
97,easy,medium,9,13 ♦,"['9 ♠', '13 ♣']",13 ♣,bot2,13
97,easy,medium,10,4 ♦,"['10 ♠', '4 ♣']",4 ♣,bot1,4
97,easy,medium,11,11 ♦,"['3 ♠', '11 ♣']",11 ♣,bot2,11
97,easy,medium,12,2 ♦,"['2 ♠', '2 ♣']",2 ♣,"['bot1', 'bot2']",2
97,easy,medium,13,3 ♦,"['1 ♠', '3 ♣']",3 ♣,bot2,3

Game Number,97,Final Scores
bot1,24.0
bot2,67.0
Winner,bot2

98,easy,medium,1,12 ♦,"['9 ♠', '12 ♣']",12 ♣,bot2,12
98,easy,medium,2,5 ♦,"['1 ♠', '5 ♣']",5 ♣,bot2,5
98,easy,medium,3,1 ♦,"['7 ♠', '1 ♣']",1 ♣,bot1,1
98,easy,medium,4,4 ♦,"['2 ♠', '4 ♣']",4 ♣,bot2,4
98,easy,medium,5,7 ♦,"['4 ♠', '7 ♣']",7 ♣,bot2,7
98,easy,medium,6,6 ♦,"['13 ♠', '6 ♣']",6 ♣,bot1,6
98,easy,medium,7,13 ♦,"['12 ♠', '13 ♣']",13 ♣,bot2,13
98,easy,medium,8,2 ♦,"['8 ♠', '2 ♣']",2 ♣,bot1,2
98,easy,medium,9,10 ♦,"['5 ♠', '10 ♣']",10 ♣,bot2,10
98,easy,medium,10,9 ♦,"['10 ♠', '9 ♣']",9 ♣,bot1,9
98,easy,medium,11,8 ♦,"['3 ♠', '8 ♣']",8 ♣,bot2,8
98,easy,medium,12,11 ♦,"['6 ♠', '11 ♣']",11 ♣,bot2,11
98,easy,medium,13,3 ♦,"['11 ♠', '3 ♣']",3 ♣,bot1,3

Game Number,98,Final Scores
bot1,21.0
bot2,70.0
Winner,bot2

99,easy,medium,1,3 ♦,"['7 ♠', '3 ♣']",3 ♣,bot1,3
99,easy,medium,2,4 ♦,"['9 ♠', '4 ♣']",4 ♣,bot1,4
99,easy,medium,3,9 ♦,"['8 ♠', '9 ♣']",9 ♣,bot2,9
99,easy,medium,4,6 ♦,"['11 ♠', '6 ♣']",6 ♣,bot1,6
99,easy,medium,5,5 ♦,"['4 ♠', '5 ♣']",5 ♣,bot2,5
99,easy,medium,6,11 ♦,"['13 ♠', '11 ♣']",11 ♣,bot1,11
99,easy,medium,7,7 ♦,"['2 ♠', '7 ♣']",7 ♣,bot2,7
99,easy,medium,8,1 ♦,"['3 ♠', '1 ♣']",1 ♣,bot1,1
99,easy,medium,9,12 ♦,"['12 ♠', '12 ♣']",12 ♣,"['bot1', 'bot2']",12
99,easy,medium,10,13 ♦,"['10 ♠', '13 ♣']",13 ♣,bot2,13
99,easy,medium,11,8 ♦,"['1 ♠', '8 ♣']",8 ♣,bot2,8
99,easy,medium,12,2 ♦,"['6 ♠', '2 ♣']",2 ♣,bot1,2
99,easy,medium,13,10 ♦,"['5 ♠', '10 ♣']",10 ♣,bot2,10

Game Number,99,Final Scores
bot1,33.0
bot2,58.0
Winner,bot2

100,easy,medium,1,11 ♦,"['11 ♠', '11 ♣']",11 ♣,"['bot1', 'bot2']",11
100,easy,medium,2,5 ♦,"['1 ♠', '5 ♣']",5 ♣,bot2,5
100,easy,medium,3,3 ♦,"['9 ♠', '3 ♣']",3 ♣,bot1,3
100,easy,medium,4,4 ♦,"['12 ♠', '4 ♣']",4 ♣,bot1,4
100,easy,medium,5,9 ♦,"['5 ♠', '9 ♣']",9 ♣,bot2,9
100,easy,medium,6,6 ♦,"['13 ♠', '6 ♣']",6 ♣,bot1,6
100,easy,medium,7,8 ♦,"['7 ♠', '8 ♣']",8 ♣,bot2,8
100,easy,medium,8,7 ♦,"['3 ♠', '7 ♣']",7 ♣,bot2,7
100,easy,medium,9,2 ♦,"['6 ♠', '2 ♣']",2 ♣,bot1,2
100,easy,medium,10,13 ♦,"['10 ♠', '13 ♣']",13 ♣,bot2,13
100,easy,medium,11,12 ♦,"['8 ♠', '12 ♣']",12 ♣,bot2,12
100,easy,medium,12,1 ♦,"['2 ♠', '1 ♣']",1 ♣,bot1,1
100,easy,medium,13,10 ♦,"['4 ♠', '10 ♣']",10 ♣,bot2,10

Game Number,100,Final Scores
bot1,21.5
bot2,69.5
Winner,bot2

